<?xml version="1.0"?>
<opencv_storage>
<cascade>
  <stageType>BOOST</stageType>
  <featureType>HAAR</featureType>
  <height>50</height>
  <width>50</width>
  <stageParams>
    <boostType>GAB</boostType>
    <minHitRate>9.9900001287460327e-01</minHitRate>
    <maxFalseAlarm>5.0000000000000000e-01</maxFalseAlarm>
    <weightTrimRate>9.4999999999999996e-01</weightTrimRate>
    <maxDepth>1</maxDepth>
    <maxWeakCount>100</maxWeakCount></stageParams>
  <featureParams>
    <maxCatCount>0</maxCatCount>
    <featSize>1</featSize>
    <mode>BASIC</mode></featureParams>
  <stageNum>8</stageNum>
  <stages>
    <!-- stage 0 -->
    <_>
      <maxWeakCount>14</maxWeakCount>
      <stageThreshold>-1.0880616903305054e+00</stageThreshold>
      <weakClassifiers>
        <_>
          <internalNodes>
            0 -1 25 -1.8608648329973221e-02</internalNodes>
          <leafValues>
            -9.0277779102325439e-01 3.6401098966598511e-01</leafValues></_>
        <_>
          <internalNodes>
            0 -1 17 2.5851856917142868e-02</internalNodes>
          <leafValues>
            2.7152201533317566e-01 -6.8700402975082397e-01</leafValues></_>
        <_>
          <internalNodes>
            0 -1 14 8.4148406982421875e-02</internalNodes>
          <leafValues>
            8.5891827940940857e-02 -8.1199175119400024e-01</leafValues></_>
        <_>
          <internalNodes>
            0 -1 96 -2.6254519820213318e-02</internalNodes>
          <leafValues>
            -7.6040405035018921e-01 1.4763613045215607e-01</leafValues></_>
        <_>
          <internalNodes>
            0 -1 120 1.3025401160120964e-02</internalNodes>
          <leafValues>
            1.2382389605045319e-01 -8.9419347047805786e-01</leafValues></_>
        <_>
          <internalNodes>
            0 -1 7 -3.5420012474060059e-01</internalNodes>
          <leafValues>
            -8.1905192136764526e-01 1.0319459438323975e-01</leafValues></_>
        <_>
          <internalNodes>
            0 -1 89 -9.4683968927711248e-04</internalNodes>
          <leafValues>
            4.2992585897445679e-01 -2.9315009713172913e-01</leafValues></_>
        <_>
          <internalNodes>
            0 -1 122 1.0950712487101555e-02</internalNodes>
          <leafValues>
            1.6058954596519470e-01 -7.3410516977310181e-01</leafValues></_>
        <_>
          <internalNodes>
            0 -1 125 3.9022983401082456e-05</internalNodes>
          <leafValues>
            -2.5213301181793213e-01 4.0463614463806152e-01</leafValues></_>
        <_>
          <internalNodes>
            0 -1 19 -2.7367278933525085e-02</internalNodes>
          <leafValues>
            -7.6152986288070679e-01 1.2850582599639893e-01</leafValues></_>
        <_>
          <internalNodes>
            0 -1 46 2.4719087406992912e-02</internalNodes>
          <leafValues>
            1.0217845439910889e-01 -8.0166441202163696e-01</leafValues></_>
        <_>
          <internalNodes>
            0 -1 56 6.2126469856593758e-05</internalNodes>
          <leafValues>
            -2.3730432987213135e-01 4.7441163659095764e-01</leafValues></_>
        <_>
          <internalNodes>
            0 -1 60 -1.2720584869384766e-02</internalNodes>
          <leafValues>
            -6.8354898691177368e-01 1.2687470018863678e-01</leafValues></_>
        <_>
          <internalNodes>
            0 -1 44 4.6538002789020538e-04</internalNodes>
          <leafValues>
            -2.4918754398822784e-01 3.8211444020271301e-01</leafValues></_></weakClassifiers></_>
    <!-- stage 1 -->
    <_>
      <maxWeakCount>18</maxWeakCount>
      <stageThreshold>-9.5048600435256958e-01</stageThreshold>
      <weakClassifiers>
        <_>
          <internalNodes>
            0 -1 66 1.3962909579277039e-02</internalNodes>
          <leafValues>
            3.6039188504219055e-01 -6.7251461744308472e-01</leafValues></_>
        <_>
          <internalNodes>
            0 -1 2 -3.1578320264816284e-01</internalNodes>
          <leafValues>
            -7.5458395481109619e-01 2.3387987911701202e-01</leafValues></_>
        <_>
          <internalNodes>
            0 -1 91 1.6972962475847453e-04</internalNodes>
          <leafValues>
            -3.5789313912391663e-01 2.6054072380065918e-01</leafValues></_>
        <_>
          <internalNodes>
            0 -1 62 2.1432056091725826e-03</internalNodes>
          <leafValues>
            1.1178502440452576e-01 -7.8358358144760132e-01</leafValues></_>
        <_>
          <internalNodes>
            0 -1 79 4.7450797865167260e-04</internalNodes>
          <leafValues>
            -3.0052056908607483e-01 3.4651944041252136e-01</leafValues></_>
        <_>
          <internalNodes>
            0 -1 101 -1.4127828762866557e-04</internalNodes>
          <leafValues>
            5.2174830436706543e-01 -1.8817390501499176e-01</leafValues></_>
        <_>
          <internalNodes>
            0 -1 101 1.0400349128758535e-04</internalNodes>
          <leafValues>
            -2.6032435894012451e-01 4.7784987092018127e-01</leafValues></_>
        <_>
          <internalNodes>
            0 -1 29 -1.4297608286142349e-02</internalNodes>
          <leafValues>
            -8.0870854854583740e-01 1.3420720398426056e-01</leafValues></_>
        <_>
          <internalNodes>
            0 -1 142 -1.0243131779134274e-02</internalNodes>
          <leafValues>
            -7.4680143594741821e-01 1.2127266824245453e-01</leafValues></_>
        <_>
          <internalNodes>
            0 -1 41 1.0747008025646210e-02</internalNodes>
          <leafValues>
            9.4969980418682098e-02 -9.3295663595199585e-01</leafValues></_>
        <_>
          <internalNodes>
            0 -1 99 -1.1362855002516881e-04</internalNodes>
          <leafValues>
            3.6911928653717041e-01 -2.8611633181571960e-01</leafValues></_>
        <_>
          <internalNodes>
            0 -1 161 5.0203540013171732e-05</internalNodes>
          <leafValues>
            -2.0286694169044495e-01 4.9331167340278625e-01</leafValues></_>
        <_>
          <internalNodes>
            0 -1 47 3.3692639321088791e-02</internalNodes>
          <leafValues>
            1.6035717725753784e-01 -7.3879939317703247e-01</leafValues></_>
        <_>
          <internalNodes>
            0 -1 161 -4.5602962927659974e-05</internalNodes>
          <leafValues>
            3.9339303970336914e-01 -2.5641328096389771e-01</leafValues></_>
        <_>
          <internalNodes>
            0 -1 74 -5.2398070693016052e-05</internalNodes>
          <leafValues>
            4.0043756365776062e-01 -2.2809013724327087e-01</leafValues></_>
        <_>
          <internalNodes>
            0 -1 130 -9.0015679597854614e-02</internalNodes>
          <leafValues>
            -8.4581845998764038e-01 1.3724048435688019e-01</leafValues></_>
        <_>
          <internalNodes>
            0 -1 33 -5.9038437902927399e-03</internalNodes>
          <leafValues>
            -4.9323868751525879e-01 1.8189500272274017e-01</leafValues></_>
        <_>
          <internalNodes>
            0 -1 8 1.6254564747214317e-02</internalNodes>
          <leafValues>
            1.8275777995586395e-01 -5.8843839168548584e-01</leafValues></_></weakClassifiers></_>
    <!-- stage 2 -->
    <_>
      <maxWeakCount>22</maxWeakCount>
      <stageThreshold>-1.0365172624588013e+00</stageThreshold>
      <weakClassifiers>
        <_>
          <internalNodes>
            0 -1 55 1.4166897162795067e-02</internalNodes>
          <leafValues>
            3.2801064848899841e-01 -9.5876288414001465e-01</leafValues></_>
        <_>
          <internalNodes>
            0 -1 22 -1.9484482705593109e-02</internalNodes>
          <leafValues>
            -4.1010928153991699e-01 2.1097952127456665e-01</leafValues></_>
        <_>
          <internalNodes>
            0 -1 162 4.8485348088433966e-05</internalNodes>
          <leafValues>
            -1.7995952069759369e-01 4.6952235698699951e-01</leafValues></_>
        <_>
          <internalNodes>
            0 -1 12 5.4652526974678040e-02</internalNodes>
          <leafValues>
            9.2508971691131592e-02 -6.9088393449783325e-01</leafValues></_>
        <_>
          <internalNodes>
            0 -1 43 -9.9980970844626427e-05</internalNodes>
          <leafValues>
            4.5981761813163757e-01 -1.6947607696056366e-01</leafValues></_>
        <_>
          <internalNodes>
            0 -1 158 1.5778116649016738e-03</internalNodes>
          <leafValues>
            9.5625944435596466e-02 -7.5572216510772705e-01</leafValues></_>
        <_>
          <internalNodes>
            0 -1 13 -1.0349499434232712e-01</internalNodes>
          <leafValues>
            -3.6212435364723206e-01 2.4528798460960388e-01</leafValues></_>
        <_>
          <internalNodes>
            0 -1 102 5.5839394917711616e-05</internalNodes>
          <leafValues>
            -2.7262955904006958e-01 2.8826817870140076e-01</leafValues></_>
        <_>
          <internalNodes>
            0 -1 106 4.4723493047058582e-03</internalNodes>
          <leafValues>
            -1.8813721835613251e-01 4.7685411572456360e-01</leafValues></_>
        <_>
          <internalNodes>
            0 -1 139 7.5744809582829475e-03</internalNodes>
          <leafValues>
            1.0586134344339371e-01 -8.0010759830474854e-01</leafValues></_>
        <_>
          <internalNodes>
            0 -1 140 5.8092817198485136e-05</internalNodes>
          <leafValues>
            -2.1146509051322937e-01 3.8059160113334656e-01</leafValues></_>
        <_>
          <internalNodes>
            0 -1 147 4.7598551027476788e-03</internalNodes>
          <leafValues>
            1.4180560410022736e-01 -6.7553424835205078e-01</leafValues></_>
        <_>
          <internalNodes>
            0 -1 150 5.3154028137214482e-05</internalNodes>
          <leafValues>
            -2.0861566066741943e-01 4.2589360475540161e-01</leafValues></_>
        <_>
          <internalNodes>
            0 -1 34 1.3710086233913898e-02</internalNodes>
          <leafValues>
            1.0585401952266693e-01 -7.9509371519088745e-01</leafValues></_>
        <_>
          <internalNodes>
            0 -1 81 1.1118360271211714e-04</internalNodes>
          <leafValues>
            -2.0468613505363464e-01 4.1966208815574646e-01</leafValues></_>
        <_>
          <internalNodes>
            0 -1 114 -3.7203880492597818e-04</internalNodes>
          <leafValues>
            3.9100575447082520e-01 -2.6345846056938171e-01</leafValues></_>
        <_>
          <internalNodes>
            0 -1 65 8.1240283325314522e-03</internalNodes>
          <leafValues>
            1.4347206056118011e-01 -7.0763683319091797e-01</leafValues></_>
        <_>
          <internalNodes>
            0 -1 38 8.0581543443258852e-05</internalNodes>
          <leafValues>
            -1.9061645865440369e-01 5.4444223642349243e-01</leafValues></_>
        <_>
          <internalNodes>
            0 -1 30 8.3947714301757514e-05</internalNodes>
          <leafValues>
            -2.0695108175277710e-01 4.3304970860481262e-01</leafValues></_>
        <_>
          <internalNodes>
            0 -1 97 7.7997299376875162e-04</internalNodes>
          <leafValues>
            1.7324957251548767e-01 -5.3901833295822144e-01</leafValues></_>
        <_>
          <internalNodes>
            0 -1 116 -3.0363864425453357e-05</internalNodes>
          <leafValues>
            2.6075497269630432e-01 -3.1161794066429138e-01</leafValues></_>
        <_>
          <internalNodes>
            0 -1 40 1.2018010602332652e-04</internalNodes>
          <leafValues>
            -2.2670286893844604e-01 3.6488473415374756e-01</leafValues></_></weakClassifiers></_>
    <!-- stage 3 -->
    <_>
      <maxWeakCount>22</maxWeakCount>
      <stageThreshold>-9.7256702184677124e-01</stageThreshold>
      <weakClassifiers>
        <_>
          <internalNodes>
            0 -1 53 2.0101694390177727e-03</internalNodes>
          <leafValues>
            3.8450503349304199e-01 -6.6019415855407715e-01</leafValues></_>
        <_>
          <internalNodes>
            0 -1 51 -2.7412381023168564e-03</internalNodes>
          <leafValues>
            -7.0813256502151489e-01 1.5155841410160065e-01</leafValues></_>
        <_>
          <internalNodes>
            0 -1 157 -2.6302640326321125e-03</internalNodes>
          <leafValues>
            -8.3183163404464722e-01 9.1544501483440399e-02</leafValues></_>
        <_>
          <internalNodes>
            0 -1 113 3.7143472582101822e-04</internalNodes>
          <leafValues>
            -2.6379212737083435e-01 3.9957532286643982e-01</leafValues></_>
        <_>
          <internalNodes>
            0 -1 156 2.7471270877867937e-03</internalNodes>
          <leafValues>
            1.2284856289625168e-01 -7.8768652677536011e-01</leafValues></_>
        <_>
          <internalNodes>
            0 -1 137 -1.1282418854534626e-02</internalNodes>
          <leafValues>
            -5.8915746212005615e-01 1.6238437592983246e-01</leafValues></_>
        <_>
          <internalNodes>
            0 -1 160 -2.2965360432863235e-02</internalNodes>
          <leafValues>
            -7.5107467174530029e-01 1.0432762652635574e-01</leafValues></_>
        <_>
          <internalNodes>
            0 -1 9 -3.8279548287391663e-02</internalNodes>
          <leafValues>
            -4.7814467549324036e-01 2.0640106499195099e-01</leafValues></_>
        <_>
          <internalNodes>
            0 -1 28 1.9394196569919586e-02</internalNodes>
          <leafValues>
            2.0434443652629852e-01 -5.4091429710388184e-01</leafValues></_>
        <_>
          <internalNodes>
            0 -1 88 -2.6696727145463228e-03</internalNodes>
          <leafValues>
            -8.4676080942153931e-01 5.4717887192964554e-02</leafValues></_>
        <_>
          <internalNodes>
            0 -1 52 -1.2662750668823719e-02</internalNodes>
          <leafValues>
            -3.0303665995597839e-01 2.9809594154357910e-01</leafValues></_>
        <_>
          <internalNodes>
            0 -1 11 1.5886927023530006e-02</internalNodes>
          <leafValues>
            1.3107007741928101e-01 -7.2864127159118652e-01</leafValues></_>
        <_>
          <internalNodes>
            0 -1 146 -1.6845178324729204e-03</internalNodes>
          <leafValues>
            7.1894890069961548e-01 -1.6117422282695770e-01</leafValues></_>
        <_>
          <internalNodes>
            0 -1 118 4.1233976371586323e-03</internalNodes>
          <leafValues>
            1.2141928821802139e-01 -9.1151887178421021e-01</leafValues></_>
        <_>
          <internalNodes>
            0 -1 141 -2.7610210236161947e-03</internalNodes>
          <leafValues>
            -7.5015598535537720e-01 9.9561594426631927e-02</leafValues></_>
        <_>
          <internalNodes>
            0 -1 31 -3.0939854681491852e-02</internalNodes>
          <leafValues>
            -5.0166469812393188e-01 1.8653266131877899e-01</leafValues></_>
        <_>
          <internalNodes>
            0 -1 123 -1.0376264981459826e-04</internalNodes>
          <leafValues>
            3.7554118037223816e-01 -2.8292655944824219e-01</leafValues></_>
        <_>
          <internalNodes>
            0 -1 26 1.7271339893341064e-03</internalNodes>
          <leafValues>
            1.7645902931690216e-01 -5.5141162872314453e-01</leafValues></_>
        <_>
          <internalNodes>
            0 -1 21 -2.0444793335627764e-04</internalNodes>
          <leafValues>
            4.8558393120765686e-01 -2.1580994129180908e-01</leafValues></_>
        <_>
          <internalNodes>
            0 -1 119 -1.8007028847932816e-03</internalNodes>
          <leafValues>
            -5.7415008544921875e-01 1.8539541959762573e-01</leafValues></_>
        <_>
          <internalNodes>
            0 -1 108 -2.0175208337605000e-03</internalNodes>
          <leafValues>
            -6.8772608041763306e-01 1.3169816136360168e-01</leafValues></_>
        <_>
          <internalNodes>
            0 -1 167 2.5752600049600005e-04</internalNodes>
          <leafValues>
            -2.1620993316173553e-01 4.5509877800941467e-01</leafValues></_></weakClassifiers></_>
    <!-- stage 4 -->
    <_>
      <maxWeakCount>23</maxWeakCount>
      <stageThreshold>-9.3609362840652466e-01</stageThreshold>
      <weakClassifiers>
        <_>
          <internalNodes>
            0 -1 86 2.4246670305728912e-02</internalNodes>
          <leafValues>
            3.3878663182258606e-01 -7.2932332754135132e-01</leafValues></_>
        <_>
          <internalNodes>
            0 -1 71 -2.9836926609277725e-02</internalNodes>
          <leafValues>
            -3.2512471079826355e-01 3.7420964241027832e-01</leafValues></_>
        <_>
          <internalNodes>
            0 -1 6 1.6844591498374939e-01</internalNodes>
          <leafValues>
            -2.0232012867927551e-01 6.3747239112854004e-01</leafValues></_>
        <_>
          <internalNodes>
            0 -1 16 1.4308867976069450e-03</internalNodes>
          <leafValues>
            -1.3434067368507385e-01 6.3361686468124390e-01</leafValues></_>
        <_>
          <internalNodes>
            0 -1 54 -1.4081693952903152e-03</internalNodes>
          <leafValues>
            -7.1887964010238647e-01 1.2679468095302582e-01</leafValues></_>
        <_>
          <internalNodes>
            0 -1 32 1.4779746532440186e-02</internalNodes>
          <leafValues>
            1.1611544340848923e-01 -6.1494433879852295e-01</leafValues></_>
        <_>
          <internalNodes>
            0 -1 111 -1.1484595015645027e-03</internalNodes>
          <leafValues>
            -3.7317642569541931e-01 2.1560776233673096e-01</leafValues></_>
        <_>
          <internalNodes>
            0 -1 36 1.8049770733341575e-04</internalNodes>
          <leafValues>
            -1.8306340277194977e-01 4.6468833088874817e-01</leafValues></_>
        <_>
          <internalNodes>
            0 -1 163 -6.6815258469432592e-04</internalNodes>
          <leafValues>
            5.4142564535140991e-01 -1.7010211944580078e-01</leafValues></_>
        <_>
          <internalNodes>
            0 -1 57 9.3877504696138203e-05</internalNodes>
          <leafValues>
            -1.6283284127712250e-01 4.5956149697303772e-01</leafValues></_>
        <_>
          <internalNodes>
            0 -1 134 5.2767896704608575e-05</internalNodes>
          <leafValues>
            -2.1335929632186890e-01 4.1458684206008911e-01</leafValues></_>
        <_>
          <internalNodes>
            0 -1 18 -1.9253384321928024e-02</internalNodes>
          <leafValues>
            -7.0705467462539673e-01 1.3545592129230499e-01</leafValues></_>
        <_>
          <internalNodes>
            0 -1 94 -1.5132637927308679e-03</internalNodes>
          <leafValues>
            -8.5658282041549683e-01 8.8919475674629211e-02</leafValues></_>
        <_>
          <internalNodes>
            0 -1 148 -2.2652887273579836e-03</internalNodes>
          <leafValues>
            -6.4645987749099731e-01 1.3032504916191101e-01</leafValues></_>
        <_>
          <internalNodes>
            0 -1 129 -1.7472065519541502e-04</internalNodes>
          <leafValues>
            5.8316469192504883e-01 -1.7820802330970764e-01</leafValues></_>
        <_>
          <internalNodes>
            0 -1 49 1.9891397096216679e-03</internalNodes>
          <leafValues>
            -2.3589371144771576e-01 3.6825150251388550e-01</leafValues></_>
        <_>
          <internalNodes>
            0 -1 84 -2.3747524246573448e-03</internalNodes>
          <leafValues>
            -8.0459040403366089e-01 1.1208502948284149e-01</leafValues></_>
        <_>
          <internalNodes>
            0 -1 109 6.9621193688362837e-04</internalNodes>
          <leafValues>
            1.2365574389696121e-01 -6.2432247400283813e-01</leafValues></_>
        <_>
          <internalNodes>
            0 -1 67 1.2777565279975533e-03</internalNodes>
          <leafValues>
            1.4330339431762695e-01 -6.1843699216842651e-01</leafValues></_>
        <_>
          <internalNodes>
            0 -1 75 -1.1610123328864574e-04</internalNodes>
          <leafValues>
            4.5161870121955872e-01 -2.3788802325725555e-01</leafValues></_>
        <_>
          <internalNodes>
            0 -1 80 -1.5225933748297393e-04</internalNodes>
          <leafValues>
            4.7811558842658997e-01 -2.1755906939506531e-01</leafValues></_>
        <_>
          <internalNodes>
            0 -1 83 -2.5823319330811501e-02</internalNodes>
          <leafValues>
            -6.3008534908294678e-01 1.5117241442203522e-01</leafValues></_>
        <_>
          <internalNodes>
            0 -1 153 1.6368329524993896e-03</internalNodes>
          <leafValues>
            -2.1951106190681458e-01 4.4973459839820862e-01</leafValues></_></weakClassifiers></_>
    <!-- stage 5 -->
    <_>
      <maxWeakCount>22</maxWeakCount>
      <stageThreshold>-1.0204399824142456e+00</stageThreshold>
      <weakClassifiers>
        <_>
          <internalNodes>
            0 -1 61 -6.3854157924652100e-03</internalNodes>
          <leafValues>
            -1.9760479032993317e-01 4.5404914021492004e-01</leafValues></_>
        <_>
          <internalNodes>
            0 -1 110 -3.4326341003179550e-02</internalNodes>
          <leafValues>
            -6.4039748907089233e-01 1.6181069612503052e-01</leafValues></_>
        <_>
          <internalNodes>
            0 -1 87 1.6104903770610690e-03</internalNodes>
          <leafValues>
            1.3700634241104126e-01 -6.8332552909851074e-01</leafValues></_>
        <_>
          <internalNodes>
            0 -1 152 3.9530015783384442e-04</internalNodes>
          <leafValues>
            -2.5718203186988831e-01 3.6088237166404724e-01</leafValues></_>
        <_>
          <internalNodes>
            0 -1 115 6.6411877924110740e-05</internalNodes>
          <leafValues>
            -1.8541210889816284e-01 4.0630206465721130e-01</leafValues></_>
        <_>
          <internalNodes>
            0 -1 37 -9.3992028268985450e-05</internalNodes>
          <leafValues>
            3.4593173861503601e-01 -2.5833413004875183e-01</leafValues></_>
        <_>
          <internalNodes>
            0 -1 100 1.2979580787941813e-04</internalNodes>
          <leafValues>
            -2.5573170185089111e-01 3.3641570806503296e-01</leafValues></_>
        <_>
          <internalNodes>
            0 -1 131 -2.6884777471423149e-03</internalNodes>
          <leafValues>
            -8.8932299613952637e-01 1.2759605050086975e-01</leafValues></_>
        <_>
          <internalNodes>
            0 -1 133 4.5951493084430695e-02</internalNodes>
          <leafValues>
            -1.2795916199684143e-01 8.3572578430175781e-01</leafValues></_>
        <_>
          <internalNodes>
            0 -1 126 1.3058105483651161e-02</internalNodes>
          <leafValues>
            1.1815338581800461e-01 -7.0408427715301514e-01</leafValues></_>
        <_>
          <internalNodes>
            0 -1 144 -3.3051081118173897e-04</internalNodes>
          <leafValues>
            5.3076487779617310e-01 -1.8303450942039490e-01</leafValues></_>
        <_>
          <internalNodes>
            0 -1 93 -2.7841553092002869e-02</internalNodes>
          <leafValues>
            -6.5693992376327515e-01 1.4499038457870483e-01</leafValues></_>
        <_>
          <internalNodes>
            0 -1 64 1.1913012713193893e-02</internalNodes>
          <leafValues>
            1.3993866741657257e-01 -5.7047325372695923e-01</leafValues></_>
        <_>
          <internalNodes>
            0 -1 124 1.1215999256819487e-04</internalNodes>
          <leafValues>
            -2.3907451331615448e-01 3.7467488646507263e-01</leafValues></_>
        <_>
          <internalNodes>
            0 -1 90 6.9515896029770374e-04</internalNodes>
          <leafValues>
            -2.1330356597900391e-01 3.9566060900688171e-01</leafValues></_>
        <_>
          <internalNodes>
            0 -1 78 -7.0655503077432513e-04</internalNodes>
          <leafValues>
            3.4410327672958374e-01 -2.5362324714660645e-01</leafValues></_>
        <_>
          <internalNodes>
            0 -1 59 2.8104693628847599e-03</internalNodes>
          <leafValues>
            1.5288433432579041e-01 -6.2047016620635986e-01</leafValues></_>
        <_>
          <internalNodes>
            0 -1 68 -5.7922769337892532e-03</internalNodes>
          <leafValues>
            -3.9933213591575623e-01 2.1683320403099060e-01</leafValues></_>
        <_>
          <internalNodes>
            0 -1 27 8.6738291429355741e-04</internalNodes>
          <leafValues>
            -2.0178136229515076e-01 4.6494364738464355e-01</leafValues></_>
        <_>
          <internalNodes>
            0 -1 127 -1.1854544281959534e-03</internalNodes>
          <leafValues>
            -6.2727290391921997e-01 1.6577440500259399e-01</leafValues></_>
        <_>
          <internalNodes>
            0 -1 95 8.3631239831447601e-03</internalNodes>
          <leafValues>
            9.4100184738636017e-02 -7.4669289588928223e-01</leafValues></_>
        <_>
          <internalNodes>
            0 -1 117 -5.7324357330799103e-02</internalNodes>
          <leafValues>
            -3.8157016038894653e-01 2.4630798399448395e-01</leafValues></_></weakClassifiers></_>
    <!-- stage 6 -->
    <_>
      <maxWeakCount>25</maxWeakCount>
      <stageThreshold>-9.9762403964996338e-01</stageThreshold>
      <weakClassifiers>
        <_>
          <internalNodes>
            0 -1 0 -4.6794700622558594e-01</internalNodes>
          <leafValues>
            -5.7232701778411865e-01 3.4073561429977417e-01</leafValues></_>
        <_>
          <internalNodes>
            0 -1 23 8.0966558307409286e-03</internalNodes>
          <leafValues>
            2.5721850991249084e-01 -3.9170828461647034e-01</leafValues></_>
        <_>
          <internalNodes>
            0 -1 145 -1.0168062726734206e-04</internalNodes>
          <leafValues>
            3.6212295293807983e-01 -2.6349240541458130e-01</leafValues></_>
        <_>
          <internalNodes>
            0 -1 72 -2.4753654375672340e-02</internalNodes>
          <leafValues>
            -5.0875502824783325e-01 1.3993294537067413e-01</leafValues></_>
        <_>
          <internalNodes>
            0 -1 166 -3.0742376111447811e-04</internalNodes>
          <leafValues>
            3.9782553911209106e-01 -1.8871587514877319e-01</leafValues></_>
        <_>
          <internalNodes>
            0 -1 42 -1.0474058799445629e-02</internalNodes>
          <leafValues>
            -6.5734821557998657e-01 1.0247339308261871e-01</leafValues></_>
        <_>
          <internalNodes>
            0 -1 4 -5.3148549050092697e-03</internalNodes>
          <leafValues>
            6.7519867420196533e-01 -1.1859259009361267e-01</leafValues></_>
        <_>
          <internalNodes>
            0 -1 10 -3.6687277257442474e-02</internalNodes>
          <leafValues>
            -7.3585587739944458e-01 9.6788324415683746e-02</leafValues></_>
        <_>
          <internalNodes>
            0 -1 20 9.7347162663936615e-03</internalNodes>
          <leafValues>
            -1.8277899920940399e-01 4.8367756605148315e-01</leafValues></_>
        <_>
          <internalNodes>
            0 -1 73 1.9915527664124966e-03</internalNodes>
          <leafValues>
            7.7033430337905884e-02 -8.6380553245544434e-01</leafValues></_>
        <_>
          <internalNodes>
            0 -1 70 1.4086553710512817e-04</internalNodes>
          <leafValues>
            -1.6363325715065002e-01 4.9963316321372986e-01</leafValues></_>
        <_>
          <internalNodes>
            0 -1 85 1.0172853944823146e-04</internalNodes>
          <leafValues>
            -1.4762784540653229e-01 4.6750387549400330e-01</leafValues></_>
        <_>
          <internalNodes>
            0 -1 50 -2.7779751690104604e-04</internalNodes>
          <leafValues>
            3.4937885403633118e-01 -2.1776823699474335e-01</leafValues></_>
        <_>
          <internalNodes>
            0 -1 112 -9.8124928772449493e-03</internalNodes>
          <leafValues>
            -5.2739614248275757e-01 1.4934727549552917e-01</leafValues></_>
        <_>
          <internalNodes>
            0 -1 151 1.0208507592324167e-04</internalNodes>
          <leafValues>
            -2.4503649771213531e-01 3.3863058686256409e-01</leafValues></_>
        <_>
          <internalNodes>
            0 -1 45 1.9883131608366966e-03</internalNodes>
          <leafValues>
            -1.3114459812641144e-01 5.8878517150878906e-01</leafValues></_>
        <_>
          <internalNodes>
            0 -1 5 1.3200251851230860e-03</internalNodes>
          <leafValues>
            -1.2919123470783234e-01 5.7693582773208618e-01</leafValues></_>
        <_>
          <internalNodes>
            0 -1 63 -2.3268426302820444e-03</internalNodes>
          <leafValues>
            -7.7228355407714844e-01 1.0854832828044891e-01</leafValues></_>
        <_>
          <internalNodes>
            0 -1 92 6.2771061493549496e-05</internalNodes>
          <leafValues>
            -2.0765785872936249e-01 3.9965313673019409e-01</leafValues></_>
        <_>
          <internalNodes>
            0 -1 103 -1.9155076006427407e-04</internalNodes>
          <leafValues>
            4.9782639741897583e-01 -1.5603196620941162e-01</leafValues></_>
        <_>
          <internalNodes>
            0 -1 136 2.0783769432455301e-03</internalNodes>
          <leafValues>
            1.3159269094467163e-01 -6.9580966234207153e-01</leafValues></_>
        <_>
          <internalNodes>
            0 -1 132 -8.8243781647179276e-05</internalNodes>
          <leafValues>
            3.8506031036376953e-01 -2.1097275614738464e-01</leafValues></_>
        <_>
          <internalNodes>
            0 -1 164 -4.6037705615162849e-03</internalNodes>
          <leafValues>
            -9.3495362997055054e-01 8.8732555508613586e-02</leafValues></_>
        <_>
          <internalNodes>
            0 -1 105 4.5680080802412704e-05</internalNodes>
          <leafValues>
            -2.1571537852287292e-01 3.9341872930526733e-01</leafValues></_>
        <_>
          <internalNodes>
            0 -1 24 -1.6187962144613266e-02</internalNodes>
          <leafValues>
            -7.1206372976303101e-01 1.2212744355201721e-01</leafValues></_></weakClassifiers></_>
    <!-- stage 7 -->
    <_>
      <maxWeakCount>24</maxWeakCount>
      <stageThreshold>-1.0815061330795288e+00</stageThreshold>
      <weakClassifiers>
        <_>
          <internalNodes>
            0 -1 39 1.3081811368465424e-02</internalNodes>
          <leafValues>
            3.3468833565711975e-01 -7.5806450843811035e-01</leafValues></_>
        <_>
          <internalNodes>
            0 -1 58 -2.4172877892851830e-02</internalNodes>
          <leafValues>
            -3.6528065800666809e-01 2.9332152009010315e-01</leafValues></_>
        <_>
          <internalNodes>
            0 -1 3 2.0303097553551197e-03</internalNodes>
          <leafValues>
            -1.3800737261772156e-01 7.1248334646224976e-01</leafValues></_>
        <_>
          <internalNodes>
            0 -1 15 -2.1364137530326843e-02</internalNodes>
          <leafValues>
            -5.0663095712661743e-01 1.4102609455585480e-01</leafValues></_>
        <_>
          <internalNodes>
            0 -1 138 -1.6966324299573898e-02</internalNodes>
          <leafValues>
            -6.6896384954452515e-01 1.4628523588180542e-01</leafValues></_>
        <_>
          <internalNodes>
            0 -1 121 -3.5564662539400160e-04</internalNodes>
          <leafValues>
            5.8440041542053223e-01 -1.4801646769046783e-01</leafValues></_>
        <_>
          <internalNodes>
            0 -1 165 -8.5309991845861077e-05</internalNodes>
          <leafValues>
            5.2008712291717529e-01 -1.5770860016345978e-01</leafValues></_>
        <_>
          <internalNodes>
            0 -1 35 2.4234618991613388e-02</internalNodes>
          <leafValues>
            1.1520393192768097e-01 -8.5100287199020386e-01</leafValues></_>
        <_>
          <internalNodes>
            0 -1 149 2.5217543588951230e-04</internalNodes>
          <leafValues>
            -1.8470486998558044e-01 4.2697644233703613e-01</leafValues></_>
        <_>
          <internalNodes>
            0 -1 76 7.2815939784049988e-03</internalNodes>
          <leafValues>
            1.2317287921905518e-01 -6.1938858032226562e-01</leafValues></_>
        <_>
          <internalNodes>
            0 -1 128 4.9442114686826244e-05</internalNodes>
          <leafValues>
            -2.2488531470298767e-01 4.1048371791839600e-01</leafValues></_>
        <_>
          <internalNodes>
            0 -1 104 4.2154439142905176e-04</internalNodes>
          <leafValues>
            -2.4386635422706604e-01 3.6965656280517578e-01</leafValues></_>
        <_>
          <internalNodes>
            0 -1 69 -7.6310411095619202e-03</internalNodes>
          <leafValues>
            -3.6571165919303894e-01 2.4408581852912903e-01</leafValues></_>
        <_>
          <internalNodes>
            0 -1 82 6.1131999245844781e-05</internalNodes>
          <leafValues>
            -2.0006953179836273e-01 4.5372235774993896e-01</leafValues></_>
        <_>
          <internalNodes>
            0 -1 98 2.9944325797259808e-04</internalNodes>
          <leafValues>
            -2.7132114768028259e-01 2.8067970275878906e-01</leafValues></_>
        <_>
          <internalNodes>
            0 -1 48 1.4584264135919511e-04</internalNodes>
          <leafValues>
            -1.9177615642547607e-01 4.3015864491462708e-01</leafValues></_>
        <_>
          <internalNodes>
            0 -1 143 -3.0089248903095722e-03</internalNodes>
          <leafValues>
            -7.8398036956787109e-01 1.4324423670768738e-01</leafValues></_>
        <_>
          <internalNodes>
            0 -1 107 1.2336924555711448e-04</internalNodes>
          <leafValues>
            -1.9355449080467224e-01 5.0231385231018066e-01</leafValues></_>
        <_>
          <internalNodes>
            0 -1 135 1.1237360537052155e-02</internalNodes>
          <leafValues>
            1.1529136449098587e-01 -8.3016943931579590e-01</leafValues></_>
        <_>
          <internalNodes>
            0 -1 1 -1.8486578017473221e-02</internalNodes>
          <leafValues>
            5.6285792589187622e-01 -1.7633903026580811e-01</leafValues></_>
        <_>
          <internalNodes>
            0 -1 154 -3.1744558364152908e-02</internalNodes>
          <leafValues>
            -6.0836815834045410e-01 1.5601213276386261e-01</leafValues></_>
        <_>
          <internalNodes>
            0 -1 155 -2.7982045430690050e-03</internalNodes>
          <leafValues>
            -8.0803781747817993e-01 9.4248935580253601e-02</leafValues></_>
        <_>
          <internalNodes>
            0 -1 77 6.9463877007365227e-03</internalNodes>
          <leafValues>
            1.1972510814666748e-01 -5.8915269374847412e-01</leafValues></_>
        <_>
          <internalNodes>
            0 -1 159 5.8997167798224837e-05</internalNodes>
          <leafValues>
            -1.9933119416236877e-01 4.8291996121406555e-01</leafValues></_></weakClassifiers></_></stages>
  <features>
    <_>
      <rects>
        <_>
          0 4 47 44 -1.</_>
        <_>
          0 26 47 22 2.</_></rects>
      <tilted>0</tilted></_>
    <_>
      <rects>
        <_>
          0 6 32 12 -1.</_>
        <_>
          0 6 16 6 2.</_>
        <_>
          16 12 16 6 2.</_></rects>
      <tilted>0</tilted></_>
    <_>
      <rects>
        <_>
          0 8 49 34 -1.</_>
        <_>
          0 25 49 17 2.</_></rects>
      <tilted>0</tilted></_>
    <_>
      <rects>
        <_>
          0 17 12 1 -1.</_>
        <_>
          6 17 6 1 2.</_></rects>
      <tilted>0</tilted></_>
    <_>
      <rects>
        <_>
          0 30 6 16 -1.</_>
        <_>
          0 30 3 8 2.</_>
        <_>
          3 38 3 8 2.</_></rects>
      <tilted>0</tilted></_>
    <_>
      <rects>
        <_>
          2 32 4 8 -1.</_>
        <_>
          2 32 2 4 2.</_>
        <_>
          4 36 2 4 2.</_></rects>
      <tilted>0</tilted></_>
    <_>
      <rects>
        <_>
          4 2 43 33 -1.</_>
        <_>
          4 13 43 11 3.</_></rects>
      <tilted>0</tilted></_>
    <_>
      <rects>
        <_>
          5 3 42 40 -1.</_>
        <_>
          5 23 42 20 2.</_></rects>
      <tilted>0</tilted></_>
    <_>
      <rects>
        <_>
          5 20 32 7 -1.</_>
        <_>
          21 20 16 7 2.</_></rects>
      <tilted>0</tilted></_>
    <_>
      <rects>
        <_>
          6 14 37 24 -1.</_>
        <_>
          6 22 37 8 3.</_></rects>
      <tilted>0</tilted></_>
    <_>
      <rects>
        <_>
          7 16 18 24 -1.</_>
        <_>
          13 16 6 24 3.</_></rects>
      <tilted>0</tilted></_>
    <_>
      <rects>
        <_>
          7 17 9 21 -1.</_>
        <_>
          10 17 3 21 3.</_></rects>
      <tilted>0</tilted></_>
    <_>
      <rects>
        <_>
          7 22 36 16 -1.</_>
        <_>
          19 22 12 16 3.</_></rects>
      <tilted>0</tilted></_>
    <_>
      <rects>
        <_>
          8 8 32 30 -1.</_>
        <_>
          8 23 32 15 2.</_></rects>
      <tilted>0</tilted></_>
    <_>
      <rects>
        <_>
          8 11 38 25 -1.</_>
        <_>
          27 11 19 25 2.</_></rects>
      <tilted>0</tilted></_>
    <_>
      <rects>
        <_>
          9 15 36 21 -1.</_>
        <_>
          21 15 12 21 3.</_></rects>
      <tilted>0</tilted></_>
    <_>
      <rects>
        <_>
          9 44 10 4 -1.</_>
        <_>
          9 44 5 2 2.</_>
        <_>
          14 46 5 2 2.</_></rects>
      <tilted>0</tilted></_>
    <_>
      <rects>
        <_>
          10 18 21 21 -1.</_>
        <_>
          17 18 7 21 3.</_></rects>
      <tilted>0</tilted></_>
    <_>
      <rects>
        <_>
          10 22 24 13 -1.</_>
        <_>
          18 22 8 13 3.</_></rects>
      <tilted>0</tilted></_>
    <_>
      <rects>
        <_>
          10 26 18 15 -1.</_>
        <_>
          19 26 9 15 2.</_></rects>
      <tilted>0</tilted></_>
    <_>
      <rects>
        <_>
          11 6 11 15 -1.</_>
        <_>
          11 11 11 5 3.</_></rects>
      <tilted>0</tilted></_>
    <_>
      <rects>
        <_>
          11 18 4 2 -1.</_>
        <_>
          11 19 4 1 2.</_></rects>
      <tilted>0</tilted></_>
    <_>
      <rects>
        <_>
          11 18 30 23 -1.</_>
        <_>
          21 18 10 23 3.</_></rects>
      <tilted>0</tilted></_>
    <_>
      <rects>
        <_>
          12 9 30 20 -1.</_>
        <_>
          12 19 30 10 2.</_></rects>
      <tilted>0</tilted></_>
    <_>
      <rects>
        <_>
          12 18 28 4 -1.</_>
        <_>
          26 18 14 4 2.</_></rects>
      <tilted>0</tilted></_>
    <_>
      <rects>
        <_>
          12 23 21 10 -1.</_>
        <_>
          19 23 7 10 3.</_></rects>
      <tilted>0</tilted></_>
    <_>
      <rects>
        <_>
          12 27 7 6 -1.</_>
        <_>
          12 30 7 3 2.</_></rects>
      <tilted>0</tilted></_>
    <_>
      <rects>
        <_>
          12 35 4 6 -1.</_>
        <_>
          12 37 4 2 3.</_></rects>
      <tilted>0</tilted></_>
    <_>
      <rects>
        <_>
          13 17 28 18 -1.</_>
        <_>
          13 23 28 6 3.</_></rects>
      <tilted>0</tilted></_>
    <_>
      <rects>
        <_>
          13 22 18 11 -1.</_>
        <_>
          19 22 6 11 3.</_></rects>
      <tilted>0</tilted></_>
    <_>
      <rects>
        <_>
          13 35 1 3 -1.</_>
        <_>
          13 36 1 1 3.</_></rects>
      <tilted>0</tilted></_>
    <_>
      <rects>
        <_>
          14 7 4 38 -1.</_>
        <_>
          14 26 4 19 2.</_></rects>
      <tilted>0</tilted></_>
    <_>
      <rects>
        <_>
          14 15 16 13 -1.</_>
        <_>
          22 15 8 13 2.</_></rects>
      <tilted>0</tilted></_>
    <_>
      <rects>
        <_>
          14 17 18 9 -1.</_>
        <_>
          23 17 9 9 2.</_></rects>
      <tilted>0</tilted></_>
    <_>
      <rects>
        <_>
          14 18 9 21 -1.</_>
        <_>
          17 18 3 21 3.</_></rects>
      <tilted>0</tilted></_>
    <_>
      <rects>
        <_>
          14 19 26 12 -1.</_>
        <_>
          14 23 26 4 3.</_></rects>
      <tilted>0</tilted></_>
    <_>
      <rects>
        <_>
          14 21 8 2 -1.</_>
        <_>
          14 21 4 1 2.</_>
        <_>
          18 22 4 1 2.</_></rects>
      <tilted>0</tilted></_>
    <_>
      <rects>
        <_>
          14 28 1 4 -1.</_>
        <_>
          14 30 1 2 2.</_></rects>
      <tilted>0</tilted></_>
    <_>
      <rects>
        <_>
          14 39 1 3 -1.</_>
        <_>
          14 40 1 1 3.</_></rects>
      <tilted>0</tilted></_>
    <_>
      <rects>
        <_>
          15 17 23 8 -1.</_>
        <_>
          15 21 23 4 2.</_></rects>
      <tilted>0</tilted></_>
    <_>
      <rects>
        <_>
          15 22 6 2 -1.</_>
        <_>
          15 22 3 1 2.</_>
        <_>
          18 23 3 1 2.</_></rects>
      <tilted>0</tilted></_>
    <_>
      <rects>
        <_>
          15 23 12 6 -1.</_>
        <_>
          19 23 4 6 3.</_></rects>
      <tilted>0</tilted></_>
    <_>
      <rects>
        <_>
          15 24 18 10 -1.</_>
        <_>
          21 24 6 10 3.</_></rects>
      <tilted>0</tilted></_>
    <_>
      <rects>
        <_>
          16 17 1 3 -1.</_>
        <_>
          16 18 1 1 3.</_></rects>
      <tilted>0</tilted></_>
    <_>
      <rects>
        <_>
          16 21 6 4 -1.</_>
        <_>
          16 21 3 2 2.</_>
        <_>
          19 23 3 2 2.</_></rects>
      <tilted>0</tilted></_>
    <_>
      <rects>
        <_>
          16 42 6 6 -1.</_>
        <_>
          16 45 6 3 2.</_></rects>
      <tilted>0</tilted></_>
    <_>
      <rects>
        <_>
          17 17 18 17 -1.</_>
        <_>
          23 17 6 17 3.</_></rects>
      <tilted>0</tilted></_>
    <_>
      <rects>
        <_>
          17 22 24 17 -1.</_>
        <_>
          29 22 12 17 2.</_></rects>
      <tilted>0</tilted></_>
    <_>
      <rects>
        <_>
          17 23 3 2 -1.</_>
        <_>
          18 23 1 2 3.</_></rects>
      <tilted>0</tilted></_>
    <_>
      <rects>
        <_>
          17 25 24 3 -1.</_>
        <_>
          25 25 8 3 3.</_></rects>
      <tilted>0</tilted></_>
    <_>
      <rects>
        <_>
          17 26 7 2 -1.</_>
        <_>
          17 27 7 1 2.</_></rects>
      <tilted>0</tilted></_>
    <_>
      <rects>
        <_>
          18 13 3 29 -1.</_>
        <_>
          19 13 1 29 3.</_></rects>
      <tilted>0</tilted></_>
    <_>
      <rects>
        <_>
          18 13 16 30 -1.</_>
        <_>
          18 23 16 10 3.</_></rects>
      <tilted>0</tilted></_>
    <_>
      <rects>
        <_>
          18 16 3 17 -1.</_>
        <_>
          19 16 1 17 3.</_></rects>
      <tilted>0</tilted></_>
    <_>
      <rects>
        <_>
          18 19 2 16 -1.</_>
        <_>
          19 19 1 16 2.</_></rects>
      <tilted>0</tilted></_>
    <_>
      <rects>
        <_>
          18 20 15 8 -1.</_>
        <_>
          23 20 5 8 3.</_></rects>
      <tilted>0</tilted></_>
    <_>
      <rects>
        <_>
          18 21 2 2 -1.</_>
        <_>
          18 21 1 1 2.</_>
        <_>
          19 22 1 1 2.</_></rects>
      <tilted>0</tilted></_>
    <_>
      <rects>
        <_>
          18 29 2 2 -1.</_>
        <_>
          18 30 2 1 2.</_></rects>
      <tilted>0</tilted></_>
    <_>
      <rects>
        <_>
          19 10 24 27 -1.</_>
        <_>
          19 19 24 9 3.</_></rects>
      <tilted>0</tilted></_>
    <_>
      <rects>
        <_>
          19 11 3 33 -1.</_>
        <_>
          20 11 1 33 3.</_></rects>
      <tilted>0</tilted></_>
    <_>
      <rects>
        <_>
          19 13 12 19 -1.</_>
        <_>
          23 13 4 19 3.</_></rects>
      <tilted>0</tilted></_>
    <_>
      <rects>
        <_>
          19 18 18 17 -1.</_>
        <_>
          25 18 6 17 3.</_></rects>
      <tilted>0</tilted></_>
    <_>
      <rects>
        <_>
          19 23 8 3 -1.</_>
        <_>
          23 23 4 3 2.</_></rects>
      <tilted>0</tilted></_>
    <_>
      <rects>
        <_>
          19 27 3 18 -1.</_>
        <_>
          20 27 1 18 3.</_></rects>
      <tilted>0</tilted></_>
    <_>
      <rects>
        <_>
          20 11 12 25 -1.</_>
        <_>
          26 11 6 25 2.</_></rects>
      <tilted>0</tilted></_>
    <_>
      <rects>
        <_>
          20 14 9 20 -1.</_>
        <_>
          23 14 3 20 3.</_></rects>
      <tilted>0</tilted></_>
    <_>
      <rects>
        <_>
          20 15 18 18 -1.</_>
        <_>
          20 24 18 9 2.</_></rects>
      <tilted>0</tilted></_>
    <_>
      <rects>
        <_>
          20 17 3 11 -1.</_>
        <_>
          21 17 1 11 3.</_></rects>
      <tilted>0</tilted></_>
    <_>
      <rects>
        <_>
          20 18 18 14 -1.</_>
        <_>
          26 18 6 14 3.</_></rects>
      <tilted>0</tilted></_>
    <_>
      <rects>
        <_>
          20 20 20 8 -1.</_>
        <_>
          20 24 20 4 2.</_></rects>
      <tilted>0</tilted></_>
    <_>
      <rects>
        <_>
          20 26 2 2 -1.</_>
        <_>
          20 27 2 1 2.</_></rects>
      <tilted>0</tilted></_>
    <_>
      <rects>
        <_>
          21 10 11 28 -1.</_>
        <_>
          21 24 11 14 2.</_></rects>
      <tilted>0</tilted></_>
    <_>
      <rects>
        <_>
          21 12 14 14 -1.</_>
        <_>
          21 19 14 7 2.</_></rects>
      <tilted>0</tilted></_>
    <_>
      <rects>
        <_>
          21 18 3 12 -1.</_>
        <_>
          22 18 1 12 3.</_></rects>
      <tilted>0</tilted></_>
    <_>
      <rects>
        <_>
          21 25 1 2 -1.</_>
        <_>
          21 26 1 1 2.</_></rects>
      <tilted>0</tilted></_>
    <_>
      <rects>
        <_>
          21 26 4 1 -1.</_>
        <_>
          23 26 2 1 2.</_></rects>
      <tilted>0</tilted></_>
    <_>
      <rects>
        <_>
          22 14 11 24 -1.</_>
        <_>
          22 26 11 12 2.</_></rects>
      <tilted>0</tilted></_>
    <_>
      <rects>
        <_>
          22 16 11 22 -1.</_>
        <_>
          22 27 11 11 2.</_></rects>
      <tilted>0</tilted></_>
    <_>
      <rects>
        <_>
          22 21 6 6 -1.</_>
        <_>
          22 21 3 3 2.</_>
        <_>
          25 24 3 3 2.</_></rects>
      <tilted>0</tilted></_>
    <_>
      <rects>
        <_>
          22 22 8 3 -1.</_>
        <_>
          26 22 4 3 2.</_></rects>
      <tilted>0</tilted></_>
    <_>
      <rects>
        <_>
          22 26 2 4 -1.</_>
        <_>
          22 26 1 2 2.</_>
        <_>
          23 28 1 2 2.</_></rects>
      <tilted>0</tilted></_>
    <_>
      <rects>
        <_>
          22 28 2 2 -1.</_>
        <_>
          22 29 2 1 2.</_></rects>
      <tilted>0</tilted></_>
    <_>
      <rects>
        <_>
          22 29 1 2 -1.</_>
        <_>
          22 30 1 1 2.</_></rects>
      <tilted>0</tilted></_>
    <_>
      <rects>
        <_>
          23 3 3 34 -1.</_>
        <_>
          23 20 3 17 2.</_></rects>
      <tilted>0</tilted></_>
    <_>
      <rects>
        <_>
          23 8 3 17 -1.</_>
        <_>
          24 8 1 17 3.</_></rects>
      <tilted>0</tilted></_>
    <_>
      <rects>
        <_>
          23 9 1 3 -1.</_>
        <_>
          23 10 1 1 3.</_></rects>
      <tilted>0</tilted></_>
    <_>
      <rects>
        <_>
          23 13 11 28 -1.</_>
        <_>
          23 27 11 14 2.</_></rects>
      <tilted>0</tilted></_>
    <_>
      <rects>
        <_>
          23 15 3 15 -1.</_>
        <_>
          24 15 1 15 3.</_></rects>
      <tilted>0</tilted></_>
    <_>
      <rects>
        <_>
          23 19 3 17 -1.</_>
        <_>
          24 19 1 17 3.</_></rects>
      <tilted>0</tilted></_>
    <_>
      <rects>
        <_>
          23 21 6 6 -1.</_>
        <_>
          23 21 3 3 2.</_>
        <_>
          26 24 3 3 2.</_></rects>
      <tilted>0</tilted></_>
    <_>
      <rects>
        <_>
          23 24 6 4 -1.</_>
        <_>
          25 24 2 4 3.</_></rects>
      <tilted>0</tilted></_>
    <_>
      <rects>
        <_>
          23 26 6 1 -1.</_>
        <_>
          25 26 2 1 3.</_></rects>
      <tilted>0</tilted></_>
    <_>
      <rects>
        <_>
          23 29 1 2 -1.</_>
        <_>
          23 30 1 1 2.</_></rects>
      <tilted>0</tilted></_>
    <_>
      <rects>
        <_>
          24 5 12 34 -1.</_>
        <_>
          30 5 6 34 2.</_></rects>
      <tilted>0</tilted></_>
    <_>
      <rects>
        <_>
          24 6 3 8 -1.</_>
        <_>
          25 6 1 8 3.</_></rects>
      <tilted>0</tilted></_>
    <_>
      <rects>
        <_>
          24 8 9 30 -1.</_>
        <_>
          24 23 9 15 2.</_></rects>
      <tilted>0</tilted></_>
    <_>
      <rects>
        <_>
          24 15 16 20 -1.</_>
        <_>
          32 15 8 20 2.</_></rects>
      <tilted>0</tilted></_>
    <_>
      <rects>
        <_>
          24 17 2 10 -1.</_>
        <_>
          24 22 2 5 2.</_></rects>
      <tilted>0</tilted></_>
    <_>
      <rects>
        <_>
          24 18 5 6 -1.</_>
        <_>
          24 20 5 2 3.</_></rects>
      <tilted>0</tilted></_>
    <_>
      <rects>
        <_>
          24 21 2 4 -1.</_>
        <_>
          24 21 1 2 2.</_>
        <_>
          25 23 1 2 2.</_></rects>
      <tilted>0</tilted></_>
    <_>
      <rects>
        <_>
          24 22 4 1 -1.</_>
        <_>
          26 22 2 1 2.</_></rects>
      <tilted>0</tilted></_>
    <_>
      <rects>
        <_>
          24 25 1 3 -1.</_>
        <_>
          24 26 1 1 3.</_></rects>
      <tilted>0</tilted></_>
    <_>
      <rects>
        <_>
          24 25 3 2 -1.</_>
        <_>
          25 25 1 2 3.</_></rects>
      <tilted>0</tilted></_>
    <_>
      <rects>
        <_>
          24 26 4 2 -1.</_>
        <_>
          24 26 2 1 2.</_>
        <_>
          26 27 2 1 2.</_></rects>
      <tilted>0</tilted></_>
    <_>
      <rects>
        <_>
          24 26 6 4 -1.</_>
        <_>
          24 26 3 2 2.</_>
        <_>
          27 28 3 2 2.</_></rects>
      <tilted>0</tilted></_>
    <_>
      <rects>
        <_>
          24 29 2 2 -1.</_>
        <_>
          24 29 1 1 2.</_>
        <_>
          25 30 1 1 2.</_></rects>
      <tilted>0</tilted></_>
    <_>
      <rects>
        <_>
          25 5 5 12 -1.</_>
        <_>
          25 9 5 4 3.</_></rects>
      <tilted>0</tilted></_>
    <_>
      <rects>
        <_>
          25 9 2 2 -1.</_>
        <_>
          25 10 2 1 2.</_></rects>
      <tilted>0</tilted></_>
    <_>
      <rects>
        <_>
          25 10 3 22 -1.</_>
        <_>
          26 10 1 22 3.</_></rects>
      <tilted>0</tilted></_>
    <_>
      <rects>
        <_>
          25 10 9 26 -1.</_>
        <_>
          25 23 9 13 2.</_></rects>
      <tilted>0</tilted></_>
    <_>
      <rects>
        <_>
          25 13 23 18 -1.</_>
        <_>
          25 19 23 6 3.</_></rects>
      <tilted>0</tilted></_>
    <_>
      <rects>
        <_>
          25 16 15 12 -1.</_>
        <_>
          25 20 15 4 3.</_></rects>
      <tilted>0</tilted></_>
    <_>
      <rects>
        <_>
          25 17 16 8 -1.</_>
        <_>
          33 17 8 8 2.</_></rects>
      <tilted>0</tilted></_>
    <_>
      <rects>
        <_>
          25 24 2 6 -1.</_>
        <_>
          25 26 2 2 3.</_></rects>
      <tilted>0</tilted></_>
    <_>
      <rects>
        <_>
          25 24 6 4 -1.</_>
        <_>
          25 24 3 2 2.</_>
        <_>
          28 26 3 2 2.</_></rects>
      <tilted>0</tilted></_>
    <_>
      <rects>
        <_>
          25 25 2 2 -1.</_>
        <_>
          25 25 1 1 2.</_>
        <_>
          26 26 1 1 2.</_></rects>
      <tilted>0</tilted></_>
    <_>
      <rects>
        <_>
          25 25 4 1 -1.</_>
        <_>
          27 25 2 1 2.</_></rects>
      <tilted>0</tilted></_>
    <_>
      <rects>
        <_>
          26 3 11 38 -1.</_>
        <_>
          26 22 11 19 2.</_></rects>
      <tilted>0</tilted></_>
    <_>
      <rects>
        <_>
          26 10 3 32 -1.</_>
        <_>
          27 10 1 32 3.</_></rects>
      <tilted>0</tilted></_>
    <_>
      <rects>
        <_>
          26 11 3 27 -1.</_>
        <_>
          27 11 1 27 3.</_></rects>
      <tilted>0</tilted></_>
    <_>
      <rects>
        <_>
          26 12 9 26 -1.</_>
        <_>
          26 25 9 13 2.</_></rects>
      <tilted>0</tilted></_>
    <_>
      <rects>
        <_>
          26 13 4 2 -1.</_>
        <_>
          26 14 4 1 2.</_></rects>
      <tilted>0</tilted></_>
    <_>
      <rects>
        <_>
          26 16 14 10 -1.</_>
        <_>
          33 16 7 10 2.</_></rects>
      <tilted>0</tilted></_>
    <_>
      <rects>
        <_>
          26 22 2 2 -1.</_>
        <_>
          26 23 2 1 2.</_></rects>
      <tilted>0</tilted></_>
    <_>
      <rects>
        <_>
          26 23 4 1 -1.</_>
        <_>
          28 23 2 1 2.</_></rects>
      <tilted>0</tilted></_>
    <_>
      <rects>
        <_>
          26 24 1 2 -1.</_>
        <_>
          26 25 1 1 2.</_></rects>
      <tilted>0</tilted></_>
    <_>
      <rects>
        <_>
          27 6 10 20 -1.</_>
        <_>
          32 6 5 20 2.</_></rects>
      <tilted>0</tilted></_>
    <_>
      <rects>
        <_>
          27 11 3 9 -1.</_>
        <_>
          28 11 1 9 3.</_></rects>
      <tilted>0</tilted></_>
    <_>
      <rects>
        <_>
          27 25 1 2 -1.</_>
        <_>
          27 26 1 1 2.</_></rects>
      <tilted>0</tilted></_>
    <_>
      <rects>
        <_>
          27 29 4 2 -1.</_>
        <_>
          27 29 2 1 2.</_>
        <_>
          29 30 2 1 2.</_></rects>
      <tilted>0</tilted></_>
    <_>
      <rects>
        <_>
          28 13 20 22 -1.</_>
        <_>
          28 24 20 11 2.</_></rects>
      <tilted>0</tilted></_>
    <_>
      <rects>
        <_>
          28 16 3 15 -1.</_>
        <_>
          29 16 1 15 3.</_></rects>
      <tilted>0</tilted></_>
    <_>
      <rects>
        <_>
          28 23 1 2 -1.</_>
        <_>
          28 24 1 1 2.</_></rects>
      <tilted>0</tilted></_>
    <_>
      <rects>
        <_>
          29 4 7 30 -1.</_>
        <_>
          29 14 7 10 3.</_></rects>
      <tilted>0</tilted></_>
    <_>
      <rects>
        <_>
          29 25 2 1 -1.</_>
        <_>
          30 25 1 1 2.</_></rects>
      <tilted>0</tilted></_>
    <_>
      <rects>
        <_>
          29 27 12 9 -1.</_>
        <_>
          33 27 4 9 3.</_></rects>
      <tilted>0</tilted></_>
    <_>
      <rects>
        <_>
          30 4 2 31 -1.</_>
        <_>
          31 4 1 31 2.</_></rects>
      <tilted>0</tilted></_>
    <_>
      <rects>
        <_>
          30 18 15 15 -1.</_>
        <_>
          35 18 5 15 3.</_></rects>
      <tilted>0</tilted></_>
    <_>
      <rects>
        <_>
          31 5 8 38 -1.</_>
        <_>
          35 5 4 38 2.</_></rects>
      <tilted>0</tilted></_>
    <_>
      <rects>
        <_>
          31 10 6 22 -1.</_>
        <_>
          33 10 2 22 3.</_></rects>
      <tilted>0</tilted></_>
    <_>
      <rects>
        <_>
          31 13 1 3 -1.</_>
        <_>
          31 14 1 1 3.</_></rects>
      <tilted>0</tilted></_>
    <_>
      <rects>
        <_>
          31 14 3 28 -1.</_>
        <_>
          32 14 1 28 3.</_></rects>
      <tilted>0</tilted></_>
    <_>
      <rects>
        <_>
          31 23 12 11 -1.</_>
        <_>
          35 23 4 11 3.</_></rects>
      <tilted>0</tilted></_>
    <_>
      <rects>
        <_>
          32 12 3 27 -1.</_>
        <_>
          33 12 1 27 3.</_></rects>
      <tilted>0</tilted></_>
    <_>
      <rects>
        <_>
          32 13 4 4 -1.</_>
        <_>
          32 13 2 2 2.</_>
        <_>
          34 15 2 2 2.</_></rects>
      <tilted>0</tilted></_>
    <_>
      <rects>
        <_>
          32 25 2 2 -1.</_>
        <_>
          32 26 2 1 2.</_></rects>
      <tilted>0</tilted></_>
    <_>
      <rects>
        <_>
          33 3 6 8 -1.</_>
        <_>
          33 3 3 4 2.</_>
        <_>
          36 7 3 4 2.</_></rects>
      <tilted>0</tilted></_>
    <_>
      <rects>
        <_>
          33 14 4 22 -1.</_>
        <_>
          35 14 2 22 2.</_></rects>
      <tilted>0</tilted></_>
    <_>
      <rects>
        <_>
          33 15 3 28 -1.</_>
        <_>
          34 15 1 28 3.</_></rects>
      <tilted>0</tilted></_>
    <_>
      <rects>
        <_>
          33 34 1 6 -1.</_>
        <_>
          33 36 1 2 3.</_></rects>
      <tilted>0</tilted></_>
    <_>
      <rects>
        <_>
          34 17 2 2 -1.</_>
        <_>
          34 17 1 1 2.</_>
        <_>
          35 18 1 1 2.</_></rects>
      <tilted>0</tilted></_>
    <_>
      <rects>
        <_>
          34 20 1 6 -1.</_>
        <_>
          34 22 1 2 3.</_></rects>
      <tilted>0</tilted></_>
    <_>
      <rects>
        <_>
          34 27 4 5 -1.</_>
        <_>
          36 27 2 5 2.</_></rects>
      <tilted>0</tilted></_>
    <_>
      <rects>
        <_>
          34 32 6 14 -1.</_>
        <_>
          34 32 3 7 2.</_>
        <_>
          37 39 3 7 2.</_></rects>
      <tilted>0</tilted></_>
    <_>
      <rects>
        <_>
          35 3 3 44 -1.</_>
        <_>
          35 25 3 22 2.</_></rects>
      <tilted>0</tilted></_>
    <_>
      <rects>
        <_>
          35 5 3 18 -1.</_>
        <_>
          36 5 1 18 3.</_></rects>
      <tilted>0</tilted></_>
    <_>
      <rects>
        <_>
          35 15 3 22 -1.</_>
        <_>
          36 15 1 22 3.</_></rects>
      <tilted>0</tilted></_>
    <_>
      <rects>
        <_>
          35 18 3 21 -1.</_>
        <_>
          36 18 1 21 3.</_></rects>
      <tilted>0</tilted></_>
    <_>
      <rects>
        <_>
          36 18 1 14 -1.</_>
        <_>
          36 25 1 7 2.</_></rects>
      <tilted>0</tilted></_>
    <_>
      <rects>
        <_>
          37 32 1 2 -1.</_>
        <_>
          37 33 1 1 2.</_></rects>
      <tilted>0</tilted></_>
    <_>
      <rects>
        <_>
          38 20 9 14 -1.</_>
        <_>
          38 27 9 7 2.</_></rects>
      <tilted>0</tilted></_>
    <_>
      <rects>
        <_>
          39 20 1 2 -1.</_>
        <_>
          39 21 1 1 2.</_></rects>
      <tilted>0</tilted></_>
    <_>
      <rects>
        <_>
          40 13 2 2 -1.</_>
        <_>
          40 13 1 1 2.</_>
        <_>
          41 14 1 1 2.</_></rects>
      <tilted>0</tilted></_>
    <_>
      <rects>
        <_>
          40 42 6 2 -1.</_>
        <_>
          42 42 2 2 3.</_></rects>
      <tilted>0</tilted></_>
    <_>
      <rects>
        <_>
          41 16 1 16 -1.</_>
        <_>
          41 24 1 8 2.</_></rects>
      <tilted>0</tilted></_>
    <_>
      <rects>
        <_>
          42 35 1 2 -1.</_>
        <_>
          42 36 1 1 2.</_></rects>
      <tilted>0</tilted></_>
    <_>
      <rects>
        <_>
          43 22 6 4 -1.</_>
        <_>
          43 22 3 2 2.</_>
        <_>
          46 24 3 2 2.</_></rects>
      <tilted>0</tilted></_>
    <_>
      <rects>
        <_>
          48 4 2 14 -1.</_>
        <_>
          49 4 1 14 2.</_></rects>
      <tilted>0</tilted></_></features></cascade>
</opencv_storage>
