<?xml version="1.0"?>
<opencv_storage>
<cascade>
  <stageType>BOOST</stageType>
  <featureType>HAAR</featureType>
  <height>50</height>
  <width>50</width>
  <stageParams>
    <boostType>GAB</boostType>
    <minHitRate>9.9900001287460327e-01</minHitRate>
    <maxFalseAlarm>5.0000000000000000e-01</maxFalseAlarm>
    <weightTrimRate>9.4999999999999996e-01</weightTrimRate>
    <maxDepth>1</maxDepth>
    <maxWeakCount>100</maxWeakCount></stageParams>
  <featureParams>
    <maxCatCount>0</maxCatCount>
    <featSize>1</featSize>
    <mode>BASIC</mode></featureParams>
  <stageNum>6</stageNum>
  <stages>
    <!-- stage 0 -->
    <_>
      <maxWeakCount>14</maxWeakCount>
      <stageThreshold>-1.0880616903305054e+00</stageThreshold>
      <weakClassifiers>
        <_>
          <internalNodes>
            0 -1 15 -1.8608648329973221e-02</internalNodes>
          <leafValues>
            -9.0277779102325439e-01 3.6401098966598511e-01</leafValues></_>
        <_>
          <internalNodes>
            0 -1 10 2.5851856917142868e-02</internalNodes>
          <leafValues>
            2.7152201533317566e-01 -6.8700402975082397e-01</leafValues></_>
        <_>
          <internalNodes>
            0 -1 8 8.4148406982421875e-02</internalNodes>
          <leafValues>
            8.5891827940940857e-02 -8.1199175119400024e-01</leafValues></_>
        <_>
          <internalNodes>
            0 -1 69 -2.6254519820213318e-02</internalNodes>
          <leafValues>
            -7.6040405035018921e-01 1.4763613045215607e-01</leafValues></_>
        <_>
          <internalNodes>
            0 -1 87 1.3025401160120964e-02</internalNodes>
          <leafValues>
            1.2382389605045319e-01 -8.9419347047805786e-01</leafValues></_>
        <_>
          <internalNodes>
            0 -1 2 -3.5420012474060059e-01</internalNodes>
          <leafValues>
            -8.1905192136764526e-01 1.0319459438323975e-01</leafValues></_>
        <_>
          <internalNodes>
            0 -1 63 -9.4683968927711248e-04</internalNodes>
          <leafValues>
            4.2992585897445679e-01 -2.9315009713172913e-01</leafValues></_>
        <_>
          <internalNodes>
            0 -1 88 1.0950712487101555e-02</internalNodes>
          <leafValues>
            1.6058954596519470e-01 -7.3410516977310181e-01</leafValues></_>
        <_>
          <internalNodes>
            0 -1 91 3.9022983401082456e-05</internalNodes>
          <leafValues>
            -2.5213301181793213e-01 4.0463614463806152e-01</leafValues></_>
        <_>
          <internalNodes>
            0 -1 12 -2.7367278933525085e-02</internalNodes>
          <leafValues>
            -7.6152986288070679e-01 1.2850582599639893e-01</leafValues></_>
        <_>
          <internalNodes>
            0 -1 32 2.4719087406992912e-02</internalNodes>
          <leafValues>
            1.0217845439910889e-01 -8.0166441202163696e-01</leafValues></_>
        <_>
          <internalNodes>
            0 -1 40 6.2126469856593758e-05</internalNodes>
          <leafValues>
            -2.3730432987213135e-01 4.7441163659095764e-01</leafValues></_>
        <_>
          <internalNodes>
            0 -1 43 -1.2720584869384766e-02</internalNodes>
          <leafValues>
            -6.8354898691177368e-01 1.2687470018863678e-01</leafValues></_>
        <_>
          <internalNodes>
            0 -1 31 4.6538002789020538e-04</internalNodes>
          <leafValues>
            -2.4918754398822784e-01 3.8211444020271301e-01</leafValues></_></weakClassifiers></_>
    <!-- stage 1 -->
    <_>
      <maxWeakCount>18</maxWeakCount>
      <stageThreshold>-9.5048600435256958e-01</stageThreshold>
      <weakClassifiers>
        <_>
          <internalNodes>
            0 -1 48 1.3962909579277039e-02</internalNodes>
          <leafValues>
            3.6039188504219055e-01 -6.7251461744308472e-01</leafValues></_>
        <_>
          <internalNodes>
            0 -1 0 -3.1578320264816284e-01</internalNodes>
          <leafValues>
            -7.5458395481109619e-01 2.3387987911701202e-01</leafValues></_>
        <_>
          <internalNodes>
            0 -1 65 1.6972962475847453e-04</internalNodes>
          <leafValues>
            -3.5789313912391663e-01 2.6054072380065918e-01</leafValues></_>
        <_>
          <internalNodes>
            0 -1 45 2.1432056091725826e-03</internalNodes>
          <leafValues>
            1.1178502440452576e-01 -7.8358358144760132e-01</leafValues></_>
        <_>
          <internalNodes>
            0 -1 55 4.7450797865167260e-04</internalNodes>
          <leafValues>
            -3.0052056908607483e-01 3.4651944041252136e-01</leafValues></_>
        <_>
          <internalNodes>
            0 -1 73 -1.4127828762866557e-04</internalNodes>
          <leafValues>
            5.2174830436706543e-01 -1.8817390501499176e-01</leafValues></_>
        <_>
          <internalNodes>
            0 -1 73 1.0400349128758535e-04</internalNodes>
          <leafValues>
            -2.6032435894012451e-01 4.7784987092018127e-01</leafValues></_>
        <_>
          <internalNodes>
            0 -1 19 -1.4297608286142349e-02</internalNodes>
          <leafValues>
            -8.0870854854583740e-01 1.3420720398426056e-01</leafValues></_>
        <_>
          <internalNodes>
            0 -1 103 -1.0243131779134274e-02</internalNodes>
          <leafValues>
            -7.4680143594741821e-01 1.2127266824245453e-01</leafValues></_>
        <_>
          <internalNodes>
            0 -1 29 1.0747008025646210e-02</internalNodes>
          <leafValues>
            9.4969980418682098e-02 -9.3295663595199585e-01</leafValues></_>
        <_>
          <internalNodes>
            0 -1 71 -1.1362855002516881e-04</internalNodes>
          <leafValues>
            3.6911928653717041e-01 -2.8611633181571960e-01</leafValues></_>
        <_>
          <internalNodes>
            0 -1 115 5.0203540013171732e-05</internalNodes>
          <leafValues>
            -2.0286694169044495e-01 4.9331167340278625e-01</leafValues></_>
        <_>
          <internalNodes>
            0 -1 33 3.3692639321088791e-02</internalNodes>
          <leafValues>
            1.6035717725753784e-01 -7.3879939317703247e-01</leafValues></_>
        <_>
          <internalNodes>
            0 -1 115 -4.5602962927659974e-05</internalNodes>
          <leafValues>
            3.9339303970336914e-01 -2.5641328096389771e-01</leafValues></_>
        <_>
          <internalNodes>
            0 -1 52 -5.2398070693016052e-05</internalNodes>
          <leafValues>
            4.0043756365776062e-01 -2.2809013724327087e-01</leafValues></_>
        <_>
          <internalNodes>
            0 -1 95 -9.0015679597854614e-02</internalNodes>
          <leafValues>
            -8.4581845998764038e-01 1.3724048435688019e-01</leafValues></_>
        <_>
          <internalNodes>
            0 -1 23 -5.9038437902927399e-03</internalNodes>
          <leafValues>
            -4.9323868751525879e-01 1.8189500272274017e-01</leafValues></_>
        <_>
          <internalNodes>
            0 -1 3 1.6254564747214317e-02</internalNodes>
          <leafValues>
            1.8275777995586395e-01 -5.8843839168548584e-01</leafValues></_></weakClassifiers></_>
    <!-- stage 2 -->
    <_>
      <maxWeakCount>22</maxWeakCount>
      <stageThreshold>-1.0365172624588013e+00</stageThreshold>
      <weakClassifiers>
        <_>
          <internalNodes>
            0 -1 39 1.4166897162795067e-02</internalNodes>
          <leafValues>
            3.2801064848899841e-01 -9.5876288414001465e-01</leafValues></_>
        <_>
          <internalNodes>
            0 -1 14 -1.9484482705593109e-02</internalNodes>
          <leafValues>
            -4.1010928153991699e-01 2.1097952127456665e-01</leafValues></_>
        <_>
          <internalNodes>
            0 -1 116 4.8485348088433966e-05</internalNodes>
          <leafValues>
            -1.7995952069759369e-01 4.6952235698699951e-01</leafValues></_>
        <_>
          <internalNodes>
            0 -1 6 5.4652526974678040e-02</internalNodes>
          <leafValues>
            9.2508971691131592e-02 -6.9088393449783325e-01</leafValues></_>
        <_>
          <internalNodes>
            0 -1 30 -9.9980970844626427e-05</internalNodes>
          <leafValues>
            4.5981761813163757e-01 -1.6947607696056366e-01</leafValues></_>
        <_>
          <internalNodes>
            0 -1 113 1.5778116649016738e-03</internalNodes>
          <leafValues>
            9.5625944435596466e-02 -7.5572216510772705e-01</leafValues></_>
        <_>
          <internalNodes>
            0 -1 7 -1.0349499434232712e-01</internalNodes>
          <leafValues>
            -3.6212435364723206e-01 2.4528798460960388e-01</leafValues></_>
        <_>
          <internalNodes>
            0 -1 74 5.5839394917711616e-05</internalNodes>
          <leafValues>
            -2.7262955904006958e-01 2.8826817870140076e-01</leafValues></_>
        <_>
          <internalNodes>
            0 -1 75 4.4723493047058582e-03</internalNodes>
          <leafValues>
            -1.8813721835613251e-01 4.7685411572456360e-01</leafValues></_>
        <_>
          <internalNodes>
            0 -1 100 7.5744809582829475e-03</internalNodes>
          <leafValues>
            1.0586134344339371e-01 -8.0010759830474854e-01</leafValues></_>
        <_>
          <internalNodes>
            0 -1 101 5.8092817198485136e-05</internalNodes>
          <leafValues>
            -2.1146509051322937e-01 3.8059160113334656e-01</leafValues></_>
        <_>
          <internalNodes>
            0 -1 106 4.7598551027476788e-03</internalNodes>
          <leafValues>
            1.4180560410022736e-01 -6.7553424835205078e-01</leafValues></_>
        <_>
          <internalNodes>
            0 -1 108 5.3154028137214482e-05</internalNodes>
          <leafValues>
            -2.0861566066741943e-01 4.2589360475540161e-01</leafValues></_>
        <_>
          <internalNodes>
            0 -1 24 1.3710086233913898e-02</internalNodes>
          <leafValues>
            1.0585401952266693e-01 -7.9509371519088745e-01</leafValues></_>
        <_>
          <internalNodes>
            0 -1 57 1.1118360271211714e-04</internalNodes>
          <leafValues>
            -2.0468613505363464e-01 4.1966208815574646e-01</leafValues></_>
        <_>
          <internalNodes>
            0 -1 81 -3.7203880492597818e-04</internalNodes>
          <leafValues>
            3.9100575447082520e-01 -2.6345846056938171e-01</leafValues></_>
        <_>
          <internalNodes>
            0 -1 47 8.1240283325314522e-03</internalNodes>
          <leafValues>
            1.4347206056118011e-01 -7.0763683319091797e-01</leafValues></_>
        <_>
          <internalNodes>
            0 -1 27 8.0581543443258852e-05</internalNodes>
          <leafValues>
            -1.9061645865440369e-01 5.4444223642349243e-01</leafValues></_>
        <_>
          <internalNodes>
            0 -1 20 8.3947714301757514e-05</internalNodes>
          <leafValues>
            -2.0695108175277710e-01 4.3304970860481262e-01</leafValues></_>
        <_>
          <internalNodes>
            0 -1 70 7.7997299376875162e-04</internalNodes>
          <leafValues>
            1.7324957251548767e-01 -5.3901833295822144e-01</leafValues></_>
        <_>
          <internalNodes>
            0 -1 83 -3.0363864425453357e-05</internalNodes>
          <leafValues>
            2.6075497269630432e-01 -3.1161794066429138e-01</leafValues></_>
        <_>
          <internalNodes>
            0 -1 28 1.2018010602332652e-04</internalNodes>
          <leafValues>
            -2.2670286893844604e-01 3.6488473415374756e-01</leafValues></_></weakClassifiers></_>
    <!-- stage 3 -->
    <_>
      <maxWeakCount>22</maxWeakCount>
      <stageThreshold>-9.7256702184677124e-01</stageThreshold>
      <weakClassifiers>
        <_>
          <internalNodes>
            0 -1 37 2.0101694390177727e-03</internalNodes>
          <leafValues>
            3.8450503349304199e-01 -6.6019415855407715e-01</leafValues></_>
        <_>
          <internalNodes>
            0 -1 35 -2.7412381023168564e-03</internalNodes>
          <leafValues>
            -7.0813256502151489e-01 1.5155841410160065e-01</leafValues></_>
        <_>
          <internalNodes>
            0 -1 112 -2.6302640326321125e-03</internalNodes>
          <leafValues>
            -8.3183163404464722e-01 9.1544501483440399e-02</leafValues></_>
        <_>
          <internalNodes>
            0 -1 80 3.7143472582101822e-04</internalNodes>
          <leafValues>
            -2.6379212737083435e-01 3.9957532286643982e-01</leafValues></_>
        <_>
          <internalNodes>
            0 -1 111 2.7471270877867937e-03</internalNodes>
          <leafValues>
            1.2284856289625168e-01 -7.8768652677536011e-01</leafValues></_>
        <_>
          <internalNodes>
            0 -1 99 -1.1282418854534626e-02</internalNodes>
          <leafValues>
            -5.8915746212005615e-01 1.6238437592983246e-01</leafValues></_>
        <_>
          <internalNodes>
            0 -1 114 -2.2965360432863235e-02</internalNodes>
          <leafValues>
            -7.5107467174530029e-01 1.0432762652635574e-01</leafValues></_>
        <_>
          <internalNodes>
            0 -1 4 -3.8279548287391663e-02</internalNodes>
          <leafValues>
            -4.7814467549324036e-01 2.0640106499195099e-01</leafValues></_>
        <_>
          <internalNodes>
            0 -1 18 1.9394196569919586e-02</internalNodes>
          <leafValues>
            2.0434443652629852e-01 -5.4091429710388184e-01</leafValues></_>
        <_>
          <internalNodes>
            0 -1 62 -2.6696727145463228e-03</internalNodes>
          <leafValues>
            -8.4676080942153931e-01 5.4717887192964554e-02</leafValues></_>
        <_>
          <internalNodes>
            0 -1 36 -1.2662750668823719e-02</internalNodes>
          <leafValues>
            -3.0303665995597839e-01 2.9809594154357910e-01</leafValues></_>
        <_>
          <internalNodes>
            0 -1 5 1.5886927023530006e-02</internalNodes>
          <leafValues>
            1.3107007741928101e-01 -7.2864127159118652e-01</leafValues></_>
        <_>
          <internalNodes>
            0 -1 105 -1.6845178324729204e-03</internalNodes>
          <leafValues>
            7.1894890069961548e-01 -1.6117422282695770e-01</leafValues></_>
        <_>
          <internalNodes>
            0 -1 85 4.1233976371586323e-03</internalNodes>
          <leafValues>
            1.2141928821802139e-01 -9.1151887178421021e-01</leafValues></_>
        <_>
          <internalNodes>
            0 -1 102 -2.7610210236161947e-03</internalNodes>
          <leafValues>
            -7.5015598535537720e-01 9.9561594426631927e-02</leafValues></_>
        <_>
          <internalNodes>
            0 -1 21 -3.0939854681491852e-02</internalNodes>
          <leafValues>
            -5.0166469812393188e-01 1.8653266131877899e-01</leafValues></_>
        <_>
          <internalNodes>
            0 -1 89 -1.0376264981459826e-04</internalNodes>
          <leafValues>
            3.7554118037223816e-01 -2.8292655944824219e-01</leafValues></_>
        <_>
          <internalNodes>
            0 -1 16 1.7271339893341064e-03</internalNodes>
          <leafValues>
            1.7645902931690216e-01 -5.5141162872314453e-01</leafValues></_>
        <_>
          <internalNodes>
            0 -1 13 -2.0444793335627764e-04</internalNodes>
          <leafValues>
            4.8558393120765686e-01 -2.1580994129180908e-01</leafValues></_>
        <_>
          <internalNodes>
            0 -1 86 -1.8007028847932816e-03</internalNodes>
          <leafValues>
            -5.7415008544921875e-01 1.8539541959762573e-01</leafValues></_>
        <_>
          <internalNodes>
            0 -1 76 -2.0175208337605000e-03</internalNodes>
          <leafValues>
            -6.8772608041763306e-01 1.3169816136360168e-01</leafValues></_>
        <_>
          <internalNodes>
            0 -1 118 2.5752600049600005e-04</internalNodes>
          <leafValues>
            -2.1620993316173553e-01 4.5509877800941467e-01</leafValues></_></weakClassifiers></_>
    <!-- stage 4 -->
    <_>
      <maxWeakCount>23</maxWeakCount>
      <stageThreshold>-9.3609362840652466e-01</stageThreshold>
      <weakClassifiers>
        <_>
          <internalNodes>
            0 -1 60 2.4246670305728912e-02</internalNodes>
          <leafValues>
            3.3878663182258606e-01 -7.2932332754135132e-01</leafValues></_>
        <_>
          <internalNodes>
            0 -1 51 -2.9836926609277725e-02</internalNodes>
          <leafValues>
            -3.2512471079826355e-01 3.7420964241027832e-01</leafValues></_>
        <_>
          <internalNodes>
            0 -1 1 1.6844591498374939e-01</internalNodes>
          <leafValues>
            -2.0232012867927551e-01 6.3747239112854004e-01</leafValues></_>
        <_>
          <internalNodes>
            0 -1 9 1.4308867976069450e-03</internalNodes>
          <leafValues>
            -1.3434067368507385e-01 6.3361686468124390e-01</leafValues></_>
        <_>
          <internalNodes>
            0 -1 38 -1.4081693952903152e-03</internalNodes>
          <leafValues>
            -7.1887964010238647e-01 1.2679468095302582e-01</leafValues></_>
        <_>
          <internalNodes>
            0 -1 22 1.4779746532440186e-02</internalNodes>
          <leafValues>
            1.1611544340848923e-01 -6.1494433879852295e-01</leafValues></_>
        <_>
          <internalNodes>
            0 -1 79 -1.1484595015645027e-03</internalNodes>
          <leafValues>
            -3.7317642569541931e-01 2.1560776233673096e-01</leafValues></_>
        <_>
          <internalNodes>
            0 -1 25 1.8049770733341575e-04</internalNodes>
          <leafValues>
            -1.8306340277194977e-01 4.6468833088874817e-01</leafValues></_>
        <_>
          <internalNodes>
            0 -1 117 -6.6815258469432592e-04</internalNodes>
          <leafValues>
            5.4142564535140991e-01 -1.7010211944580078e-01</leafValues></_>
        <_>
          <internalNodes>
            0 -1 41 9.3877504696138203e-05</internalNodes>
          <leafValues>
            -1.6283284127712250e-01 4.5956149697303772e-01</leafValues></_>
        <_>
          <internalNodes>
            0 -1 98 5.2767896704608575e-05</internalNodes>
          <leafValues>
            -2.1335929632186890e-01 4.1458684206008911e-01</leafValues></_>
        <_>
          <internalNodes>
            0 -1 11 -1.9253384321928024e-02</internalNodes>
          <leafValues>
            -7.0705467462539673e-01 1.3545592129230499e-01</leafValues></_>
        <_>
          <internalNodes>
            0 -1 67 -1.5132637927308679e-03</internalNodes>
          <leafValues>
            -8.5658282041549683e-01 8.8919475674629211e-02</leafValues></_>
        <_>
          <internalNodes>
            0 -1 107 -2.2652887273579836e-03</internalNodes>
          <leafValues>
            -6.4645987749099731e-01 1.3032504916191101e-01</leafValues></_>
        <_>
          <internalNodes>
            0 -1 94 -1.7472065519541502e-04</internalNodes>
          <leafValues>
            5.8316469192504883e-01 -1.7820802330970764e-01</leafValues></_>
        <_>
          <internalNodes>
            0 -1 34 1.9891397096216679e-03</internalNodes>
          <leafValues>
            -2.3589371144771576e-01 3.6825150251388550e-01</leafValues></_>
        <_>
          <internalNodes>
            0 -1 59 -2.3747524246573448e-03</internalNodes>
          <leafValues>
            -8.0459040403366089e-01 1.1208502948284149e-01</leafValues></_>
        <_>
          <internalNodes>
            0 -1 77 6.9621193688362837e-04</internalNodes>
          <leafValues>
            1.2365574389696121e-01 -6.2432247400283813e-01</leafValues></_>
        <_>
          <internalNodes>
            0 -1 49 1.2777565279975533e-03</internalNodes>
          <leafValues>
            1.4330339431762695e-01 -6.1843699216842651e-01</leafValues></_>
        <_>
          <internalNodes>
            0 -1 53 -1.1610123328864574e-04</internalNodes>
          <leafValues>
            4.5161870121955872e-01 -2.3788802325725555e-01</leafValues></_>
        <_>
          <internalNodes>
            0 -1 56 -1.5225933748297393e-04</internalNodes>
          <leafValues>
            4.7811558842658997e-01 -2.1755906939506531e-01</leafValues></_>
        <_>
          <internalNodes>
            0 -1 58 -2.5823319330811501e-02</internalNodes>
          <leafValues>
            -6.3008534908294678e-01 1.5117241442203522e-01</leafValues></_>
        <_>
          <internalNodes>
            0 -1 110 1.6368329524993896e-03</internalNodes>
          <leafValues>
            -2.1951106190681458e-01 4.4973459839820862e-01</leafValues></_></weakClassifiers></_>
    <!-- stage 5 -->
    <_>
      <maxWeakCount>22</maxWeakCount>
      <stageThreshold>-1.0204399824142456e+00</stageThreshold>
      <weakClassifiers>
        <_>
          <internalNodes>
            0 -1 44 -6.3854157924652100e-03</internalNodes>
          <leafValues>
            -1.9760479032993317e-01 4.5404914021492004e-01</leafValues></_>
        <_>
          <internalNodes>
            0 -1 78 -3.4326341003179550e-02</internalNodes>
          <leafValues>
            -6.4039748907089233e-01 1.6181069612503052e-01</leafValues></_>
        <_>
          <internalNodes>
            0 -1 61 1.6104903770610690e-03</internalNodes>
          <leafValues>
            1.3700634241104126e-01 -6.8332552909851074e-01</leafValues></_>
        <_>
          <internalNodes>
            0 -1 109 3.9530015783384442e-04</internalNodes>
          <leafValues>
            -2.5718203186988831e-01 3.6088237166404724e-01</leafValues></_>
        <_>
          <internalNodes>
            0 -1 82 6.6411877924110740e-05</internalNodes>
          <leafValues>
            -1.8541210889816284e-01 4.0630206465721130e-01</leafValues></_>
        <_>
          <internalNodes>
            0 -1 26 -9.3992028268985450e-05</internalNodes>
          <leafValues>
            3.4593173861503601e-01 -2.5833413004875183e-01</leafValues></_>
        <_>
          <internalNodes>
            0 -1 72 1.2979580787941813e-04</internalNodes>
          <leafValues>
            -2.5573170185089111e-01 3.3641570806503296e-01</leafValues></_>
        <_>
          <internalNodes>
            0 -1 96 -2.6884777471423149e-03</internalNodes>
          <leafValues>
            -8.8932299613952637e-01 1.2759605050086975e-01</leafValues></_>
        <_>
          <internalNodes>
            0 -1 97 4.5951493084430695e-02</internalNodes>
          <leafValues>
            -1.2795916199684143e-01 8.3572578430175781e-01</leafValues></_>
        <_>
          <internalNodes>
            0 -1 92 1.3058105483651161e-02</internalNodes>
          <leafValues>
            1.1815338581800461e-01 -7.0408427715301514e-01</leafValues></_>
        <_>
          <internalNodes>
            0 -1 104 -3.3051081118173897e-04</internalNodes>
          <leafValues>
            5.3076487779617310e-01 -1.8303450942039490e-01</leafValues></_>
        <_>
          <internalNodes>
            0 -1 66 -2.7841553092002869e-02</internalNodes>
          <leafValues>
            -6.5693992376327515e-01 1.4499038457870483e-01</leafValues></_>
        <_>
          <internalNodes>
            0 -1 46 1.1913012713193893e-02</internalNodes>
          <leafValues>
            1.3993866741657257e-01 -5.7047325372695923e-01</leafValues></_>
        <_>
          <internalNodes>
            0 -1 90 1.1215999256819487e-04</internalNodes>
          <leafValues>
            -2.3907451331615448e-01 3.7467488646507263e-01</leafValues></_>
        <_>
          <internalNodes>
            0 -1 64 6.9515896029770374e-04</internalNodes>
          <leafValues>
            -2.1330356597900391e-01 3.9566060900688171e-01</leafValues></_>
        <_>
          <internalNodes>
            0 -1 54 -7.0655503077432513e-04</internalNodes>
          <leafValues>
            3.4410327672958374e-01 -2.5362324714660645e-01</leafValues></_>
        <_>
          <internalNodes>
            0 -1 42 2.8104693628847599e-03</internalNodes>
          <leafValues>
            1.5288433432579041e-01 -6.2047016620635986e-01</leafValues></_>
        <_>
          <internalNodes>
            0 -1 50 -5.7922769337892532e-03</internalNodes>
          <leafValues>
            -3.9933213591575623e-01 2.1683320403099060e-01</leafValues></_>
        <_>
          <internalNodes>
            0 -1 17 8.6738291429355741e-04</internalNodes>
          <leafValues>
            -2.0178136229515076e-01 4.6494364738464355e-01</leafValues></_>
        <_>
          <internalNodes>
            0 -1 93 -1.1854544281959534e-03</internalNodes>
          <leafValues>
            -6.2727290391921997e-01 1.6577440500259399e-01</leafValues></_>
        <_>
          <internalNodes>
            0 -1 68 8.3631239831447601e-03</internalNodes>
          <leafValues>
            9.4100184738636017e-02 -7.4669289588928223e-01</leafValues></_>
        <_>
          <internalNodes>
            0 -1 84 -5.7324357330799103e-02</internalNodes>
          <leafValues>
            -3.8157016038894653e-01 2.4630798399448395e-01</leafValues></_></weakClassifiers></_></stages>
  <features>
    <_>
      <rects>
        <_>
          0 8 49 34 -1.</_>
        <_>
          0 25 49 17 2.</_></rects>
      <tilted>0</tilted></_>
    <_>
      <rects>
        <_>
          4 2 43 33 -1.</_>
        <_>
          4 13 43 11 3.</_></rects>
      <tilted>0</tilted></_>
    <_>
      <rects>
        <_>
          5 3 42 40 -1.</_>
        <_>
          5 23 42 20 2.</_></rects>
      <tilted>0</tilted></_>
    <_>
      <rects>
        <_>
          5 20 32 7 -1.</_>
        <_>
          21 20 16 7 2.</_></rects>
      <tilted>0</tilted></_>
    <_>
      <rects>
        <_>
          6 14 37 24 -1.</_>
        <_>
          6 22 37 8 3.</_></rects>
      <tilted>0</tilted></_>
    <_>
      <rects>
        <_>
          7 17 9 21 -1.</_>
        <_>
          10 17 3 21 3.</_></rects>
      <tilted>0</tilted></_>
    <_>
      <rects>
        <_>
          7 22 36 16 -1.</_>
        <_>
          19 22 12 16 3.</_></rects>
      <tilted>0</tilted></_>
    <_>
      <rects>
        <_>
          8 8 32 30 -1.</_>
        <_>
          8 23 32 15 2.</_></rects>
      <tilted>0</tilted></_>
    <_>
      <rects>
        <_>
          8 11 38 25 -1.</_>
        <_>
          27 11 19 25 2.</_></rects>
      <tilted>0</tilted></_>
    <_>
      <rects>
        <_>
          9 44 10 4 -1.</_>
        <_>
          9 44 5 2 2.</_>
        <_>
          14 46 5 2 2.</_></rects>
      <tilted>0</tilted></_>
    <_>
      <rects>
        <_>
          10 18 21 21 -1.</_>
        <_>
          17 18 7 21 3.</_></rects>
      <tilted>0</tilted></_>
    <_>
      <rects>
        <_>
          10 22 24 13 -1.</_>
        <_>
          18 22 8 13 3.</_></rects>
      <tilted>0</tilted></_>
    <_>
      <rects>
        <_>
          10 26 18 15 -1.</_>
        <_>
          19 26 9 15 2.</_></rects>
      <tilted>0</tilted></_>
    <_>
      <rects>
        <_>
          11 18 4 2 -1.</_>
        <_>
          11 19 4 1 2.</_></rects>
      <tilted>0</tilted></_>
    <_>
      <rects>
        <_>
          11 18 30 23 -1.</_>
        <_>
          21 18 10 23 3.</_></rects>
      <tilted>0</tilted></_>
    <_>
      <rects>
        <_>
          12 23 21 10 -1.</_>
        <_>
          19 23 7 10 3.</_></rects>
      <tilted>0</tilted></_>
    <_>
      <rects>
        <_>
          12 27 7 6 -1.</_>
        <_>
          12 30 7 3 2.</_></rects>
      <tilted>0</tilted></_>
    <_>
      <rects>
        <_>
          12 35 4 6 -1.</_>
        <_>
          12 37 4 2 3.</_></rects>
      <tilted>0</tilted></_>
    <_>
      <rects>
        <_>
          13 17 28 18 -1.</_>
        <_>
          13 23 28 6 3.</_></rects>
      <tilted>0</tilted></_>
    <_>
      <rects>
        <_>
          13 22 18 11 -1.</_>
        <_>
          19 22 6 11 3.</_></rects>
      <tilted>0</tilted></_>
    <_>
      <rects>
        <_>
          13 35 1 3 -1.</_>
        <_>
          13 36 1 1 3.</_></rects>
      <tilted>0</tilted></_>
    <_>
      <rects>
        <_>
          14 7 4 38 -1.</_>
        <_>
          14 26 4 19 2.</_></rects>
      <tilted>0</tilted></_>
    <_>
      <rects>
        <_>
          14 15 16 13 -1.</_>
        <_>
          22 15 8 13 2.</_></rects>
      <tilted>0</tilted></_>
    <_>
      <rects>
        <_>
          14 17 18 9 -1.</_>
        <_>
          23 17 9 9 2.</_></rects>
      <tilted>0</tilted></_>
    <_>
      <rects>
        <_>
          14 18 9 21 -1.</_>
        <_>
          17 18 3 21 3.</_></rects>
      <tilted>0</tilted></_>
    <_>
      <rects>
        <_>
          14 21 8 2 -1.</_>
        <_>
          14 21 4 1 2.</_>
        <_>
          18 22 4 1 2.</_></rects>
      <tilted>0</tilted></_>
    <_>
      <rects>
        <_>
          14 28 1 4 -1.</_>
        <_>
          14 30 1 2 2.</_></rects>
      <tilted>0</tilted></_>
    <_>
      <rects>
        <_>
          14 39 1 3 -1.</_>
        <_>
          14 40 1 1 3.</_></rects>
      <tilted>0</tilted></_>
    <_>
      <rects>
        <_>
          15 22 6 2 -1.</_>
        <_>
          15 22 3 1 2.</_>
        <_>
          18 23 3 1 2.</_></rects>
      <tilted>0</tilted></_>
    <_>
      <rects>
        <_>
          15 23 12 6 -1.</_>
        <_>
          19 23 4 6 3.</_></rects>
      <tilted>0</tilted></_>
    <_>
      <rects>
        <_>
          16 17 1 3 -1.</_>
        <_>
          16 18 1 1 3.</_></rects>
      <tilted>0</tilted></_>
    <_>
      <rects>
        <_>
          16 21 6 4 -1.</_>
        <_>
          16 21 3 2 2.</_>
        <_>
          19 23 3 2 2.</_></rects>
      <tilted>0</tilted></_>
    <_>
      <rects>
        <_>
          17 17 18 17 -1.</_>
        <_>
          23 17 6 17 3.</_></rects>
      <tilted>0</tilted></_>
    <_>
      <rects>
        <_>
          17 22 24 17 -1.</_>
        <_>
          29 22 12 17 2.</_></rects>
      <tilted>0</tilted></_>
    <_>
      <rects>
        <_>
          17 25 24 3 -1.</_>
        <_>
          25 25 8 3 3.</_></rects>
      <tilted>0</tilted></_>
    <_>
      <rects>
        <_>
          18 13 3 29 -1.</_>
        <_>
          19 13 1 29 3.</_></rects>
      <tilted>0</tilted></_>
    <_>
      <rects>
        <_>
          18 13 16 30 -1.</_>
        <_>
          18 23 16 10 3.</_></rects>
      <tilted>0</tilted></_>
    <_>
      <rects>
        <_>
          18 16 3 17 -1.</_>
        <_>
          19 16 1 17 3.</_></rects>
      <tilted>0</tilted></_>
    <_>
      <rects>
        <_>
          18 19 2 16 -1.</_>
        <_>
          19 19 1 16 2.</_></rects>
      <tilted>0</tilted></_>
    <_>
      <rects>
        <_>
          18 20 15 8 -1.</_>
        <_>
          23 20 5 8 3.</_></rects>
      <tilted>0</tilted></_>
    <_>
      <rects>
        <_>
          18 21 2 2 -1.</_>
        <_>
          18 21 1 1 2.</_>
        <_>
          19 22 1 1 2.</_></rects>
      <tilted>0</tilted></_>
    <_>
      <rects>
        <_>
          18 29 2 2 -1.</_>
        <_>
          18 30 2 1 2.</_></rects>
      <tilted>0</tilted></_>
    <_>
      <rects>
        <_>
          19 11 3 33 -1.</_>
        <_>
          20 11 1 33 3.</_></rects>
      <tilted>0</tilted></_>
    <_>
      <rects>
        <_>
          19 13 12 19 -1.</_>
        <_>
          23 13 4 19 3.</_></rects>
      <tilted>0</tilted></_>
    <_>
      <rects>
        <_>
          19 18 18 17 -1.</_>
        <_>
          25 18 6 17 3.</_></rects>
      <tilted>0</tilted></_>
    <_>
      <rects>
        <_>
          19 23 8 3 -1.</_>
        <_>
          23 23 4 3 2.</_></rects>
      <tilted>0</tilted></_>
    <_>
      <rects>
        <_>
          20 11 12 25 -1.</_>
        <_>
          26 11 6 25 2.</_></rects>
      <tilted>0</tilted></_>
    <_>
      <rects>
        <_>
          20 14 9 20 -1.</_>
        <_>
          23 14 3 20 3.</_></rects>
      <tilted>0</tilted></_>
    <_>
      <rects>
        <_>
          20 15 18 18 -1.</_>
        <_>
          20 24 18 9 2.</_></rects>
      <tilted>0</tilted></_>
    <_>
      <rects>
        <_>
          20 17 3 11 -1.</_>
        <_>
          21 17 1 11 3.</_></rects>
      <tilted>0</tilted></_>
    <_>
      <rects>
        <_>
          20 18 18 14 -1.</_>
        <_>
          26 18 6 14 3.</_></rects>
      <tilted>0</tilted></_>
    <_>
      <rects>
        <_>
          21 10 11 28 -1.</_>
        <_>
          21 24 11 14 2.</_></rects>
      <tilted>0</tilted></_>
    <_>
      <rects>
        <_>
          21 25 1 2 -1.</_>
        <_>
          21 26 1 1 2.</_></rects>
      <tilted>0</tilted></_>
    <_>
      <rects>
        <_>
          21 26 4 1 -1.</_>
        <_>
          23 26 2 1 2.</_></rects>
      <tilted>0</tilted></_>
    <_>
      <rects>
        <_>
          22 21 6 6 -1.</_>
        <_>
          22 21 3 3 2.</_>
        <_>
          25 24 3 3 2.</_></rects>
      <tilted>0</tilted></_>
    <_>
      <rects>
        <_>
          22 22 8 3 -1.</_>
        <_>
          26 22 4 3 2.</_></rects>
      <tilted>0</tilted></_>
    <_>
      <rects>
        <_>
          22 26 2 4 -1.</_>
        <_>
          22 26 1 2 2.</_>
        <_>
          23 28 1 2 2.</_></rects>
      <tilted>0</tilted></_>
    <_>
      <rects>
        <_>
          22 28 2 2 -1.</_>
        <_>
          22 29 2 1 2.</_></rects>
      <tilted>0</tilted></_>
    <_>
      <rects>
        <_>
          23 3 3 34 -1.</_>
        <_>
          23 20 3 17 2.</_></rects>
      <tilted>0</tilted></_>
    <_>
      <rects>
        <_>
          23 8 3 17 -1.</_>
        <_>
          24 8 1 17 3.</_></rects>
      <tilted>0</tilted></_>
    <_>
      <rects>
        <_>
          23 13 11 28 -1.</_>
        <_>
          23 27 11 14 2.</_></rects>
      <tilted>0</tilted></_>
    <_>
      <rects>
        <_>
          23 15 3 15 -1.</_>
        <_>
          24 15 1 15 3.</_></rects>
      <tilted>0</tilted></_>
    <_>
      <rects>
        <_>
          23 19 3 17 -1.</_>
        <_>
          24 19 1 17 3.</_></rects>
      <tilted>0</tilted></_>
    <_>
      <rects>
        <_>
          23 21 6 6 -1.</_>
        <_>
          23 21 3 3 2.</_>
        <_>
          26 24 3 3 2.</_></rects>
      <tilted>0</tilted></_>
    <_>
      <rects>
        <_>
          23 24 6 4 -1.</_>
        <_>
          25 24 2 4 3.</_></rects>
      <tilted>0</tilted></_>
    <_>
      <rects>
        <_>
          23 26 6 1 -1.</_>
        <_>
          25 26 2 1 3.</_></rects>
      <tilted>0</tilted></_>
    <_>
      <rects>
        <_>
          24 5 12 34 -1.</_>
        <_>
          30 5 6 34 2.</_></rects>
      <tilted>0</tilted></_>
    <_>
      <rects>
        <_>
          24 6 3 8 -1.</_>
        <_>
          25 6 1 8 3.</_></rects>
      <tilted>0</tilted></_>
    <_>
      <rects>
        <_>
          24 8 9 30 -1.</_>
        <_>
          24 23 9 15 2.</_></rects>
      <tilted>0</tilted></_>
    <_>
      <rects>
        <_>
          24 15 16 20 -1.</_>
        <_>
          32 15 8 20 2.</_></rects>
      <tilted>0</tilted></_>
    <_>
      <rects>
        <_>
          24 17 2 10 -1.</_>
        <_>
          24 22 2 5 2.</_></rects>
      <tilted>0</tilted></_>
    <_>
      <rects>
        <_>
          24 21 2 4 -1.</_>
        <_>
          24 21 1 2 2.</_>
        <_>
          25 23 1 2 2.</_></rects>
      <tilted>0</tilted></_>
    <_>
      <rects>
        <_>
          24 22 4 1 -1.</_>
        <_>
          26 22 2 1 2.</_></rects>
      <tilted>0</tilted></_>
    <_>
      <rects>
        <_>
          24 25 1 3 -1.</_>
        <_>
          24 26 1 1 3.</_></rects>
      <tilted>0</tilted></_>
    <_>
      <rects>
        <_>
          24 25 3 2 -1.</_>
        <_>
          25 25 1 2 3.</_></rects>
      <tilted>0</tilted></_>
    <_>
      <rects>
        <_>
          25 5 5 12 -1.</_>
        <_>
          25 9 5 4 3.</_></rects>
      <tilted>0</tilted></_>
    <_>
      <rects>
        <_>
          25 10 3 22 -1.</_>
        <_>
          26 10 1 22 3.</_></rects>
      <tilted>0</tilted></_>
    <_>
      <rects>
        <_>
          25 10 9 26 -1.</_>
        <_>
          25 23 9 13 2.</_></rects>
      <tilted>0</tilted></_>
    <_>
      <rects>
        <_>
          25 13 23 18 -1.</_>
        <_>
          25 19 23 6 3.</_></rects>
      <tilted>0</tilted></_>
    <_>
      <rects>
        <_>
          25 16 15 12 -1.</_>
        <_>
          25 20 15 4 3.</_></rects>
      <tilted>0</tilted></_>
    <_>
      <rects>
        <_>
          25 24 2 6 -1.</_>
        <_>
          25 26 2 2 3.</_></rects>
      <tilted>0</tilted></_>
    <_>
      <rects>
        <_>
          25 24 6 4 -1.</_>
        <_>
          25 24 3 2 2.</_>
        <_>
          28 26 3 2 2.</_></rects>
      <tilted>0</tilted></_>
    <_>
      <rects>
        <_>
          25 25 2 2 -1.</_>
        <_>
          25 25 1 1 2.</_>
        <_>
          26 26 1 1 2.</_></rects>
      <tilted>0</tilted></_>
    <_>
      <rects>
        <_>
          25 25 4 1 -1.</_>
        <_>
          27 25 2 1 2.</_></rects>
      <tilted>0</tilted></_>
    <_>
      <rects>
        <_>
          26 3 11 38 -1.</_>
        <_>
          26 22 11 19 2.</_></rects>
      <tilted>0</tilted></_>
    <_>
      <rects>
        <_>
          26 10 3 32 -1.</_>
        <_>
          27 10 1 32 3.</_></rects>
      <tilted>0</tilted></_>
    <_>
      <rects>
        <_>
          26 11 3 27 -1.</_>
        <_>
          27 11 1 27 3.</_></rects>
      <tilted>0</tilted></_>
    <_>
      <rects>
        <_>
          26 12 9 26 -1.</_>
        <_>
          26 25 9 13 2.</_></rects>
      <tilted>0</tilted></_>
    <_>
      <rects>
        <_>
          26 16 14 10 -1.</_>
        <_>
          33 16 7 10 2.</_></rects>
      <tilted>0</tilted></_>
    <_>
      <rects>
        <_>
          26 22 2 2 -1.</_>
        <_>
          26 23 2 1 2.</_></rects>
      <tilted>0</tilted></_>
    <_>
      <rects>
        <_>
          26 23 4 1 -1.</_>
        <_>
          28 23 2 1 2.</_></rects>
      <tilted>0</tilted></_>
    <_>
      <rects>
        <_>
          26 24 1 2 -1.</_>
        <_>
          26 25 1 1 2.</_></rects>
      <tilted>0</tilted></_>
    <_>
      <rects>
        <_>
          27 6 10 20 -1.</_>
        <_>
          32 6 5 20 2.</_></rects>
      <tilted>0</tilted></_>
    <_>
      <rects>
        <_>
          27 11 3 9 -1.</_>
        <_>
          28 11 1 9 3.</_></rects>
      <tilted>0</tilted></_>
    <_>
      <rects>
        <_>
          27 29 4 2 -1.</_>
        <_>
          27 29 2 1 2.</_>
        <_>
          29 30 2 1 2.</_></rects>
      <tilted>0</tilted></_>
    <_>
      <rects>
        <_>
          28 13 20 22 -1.</_>
        <_>
          28 24 20 11 2.</_></rects>
      <tilted>0</tilted></_>
    <_>
      <rects>
        <_>
          28 16 3 15 -1.</_>
        <_>
          29 16 1 15 3.</_></rects>
      <tilted>0</tilted></_>
    <_>
      <rects>
        <_>
          29 4 7 30 -1.</_>
        <_>
          29 14 7 10 3.</_></rects>
      <tilted>0</tilted></_>
    <_>
      <rects>
        <_>
          29 25 2 1 -1.</_>
        <_>
          30 25 1 1 2.</_></rects>
      <tilted>0</tilted></_>
    <_>
      <rects>
        <_>
          30 18 15 15 -1.</_>
        <_>
          35 18 5 15 3.</_></rects>
      <tilted>0</tilted></_>
    <_>
      <rects>
        <_>
          31 10 6 22 -1.</_>
        <_>
          33 10 2 22 3.</_></rects>
      <tilted>0</tilted></_>
    <_>
      <rects>
        <_>
          31 13 1 3 -1.</_>
        <_>
          31 14 1 1 3.</_></rects>
      <tilted>0</tilted></_>
    <_>
      <rects>
        <_>
          31 14 3 28 -1.</_>
        <_>
          32 14 1 28 3.</_></rects>
      <tilted>0</tilted></_>
    <_>
      <rects>
        <_>
          31 23 12 11 -1.</_>
        <_>
          35 23 4 11 3.</_></rects>
      <tilted>0</tilted></_>
    <_>
      <rects>
        <_>
          32 13 4 4 -1.</_>
        <_>
          32 13 2 2 2.</_>
        <_>
          34 15 2 2 2.</_></rects>
      <tilted>0</tilted></_>
    <_>
      <rects>
        <_>
          33 3 6 8 -1.</_>
        <_>
          33 3 3 4 2.</_>
        <_>
          36 7 3 4 2.</_></rects>
      <tilted>0</tilted></_>
    <_>
      <rects>
        <_>
          33 14 4 22 -1.</_>
        <_>
          35 14 2 22 2.</_></rects>
      <tilted>0</tilted></_>
    <_>
      <rects>
        <_>
          33 15 3 28 -1.</_>
        <_>
          34 15 1 28 3.</_></rects>
      <tilted>0</tilted></_>
    <_>
      <rects>
        <_>
          34 17 2 2 -1.</_>
        <_>
          34 17 1 1 2.</_>
        <_>
          35 18 1 1 2.</_></rects>
      <tilted>0</tilted></_>
    <_>
      <rects>
        <_>
          34 27 4 5 -1.</_>
        <_>
          36 27 2 5 2.</_></rects>
      <tilted>0</tilted></_>
    <_>
      <rects>
        <_>
          34 32 6 14 -1.</_>
        <_>
          34 32 3 7 2.</_>
        <_>
          37 39 3 7 2.</_></rects>
      <tilted>0</tilted></_>
    <_>
      <rects>
        <_>
          35 15 3 22 -1.</_>
        <_>
          36 15 1 22 3.</_></rects>
      <tilted>0</tilted></_>
    <_>
      <rects>
        <_>
          35 18 3 21 -1.</_>
        <_>
          36 18 1 21 3.</_></rects>
      <tilted>0</tilted></_>
    <_>
      <rects>
        <_>
          36 18 1 14 -1.</_>
        <_>
          36 25 1 7 2.</_></rects>
      <tilted>0</tilted></_>
    <_>
      <rects>
        <_>
          38 20 9 14 -1.</_>
        <_>
          38 27 9 7 2.</_></rects>
      <tilted>0</tilted></_>
    <_>
      <rects>
        <_>
          39 20 1 2 -1.</_>
        <_>
          39 21 1 1 2.</_></rects>
      <tilted>0</tilted></_>
    <_>
      <rects>
        <_>
          40 13 2 2 -1.</_>
        <_>
          40 13 1 1 2.</_>
        <_>
          41 14 1 1 2.</_></rects>
      <tilted>0</tilted></_>
    <_>
      <rects>
        <_>
          40 42 6 2 -1.</_>
        <_>
          42 42 2 2 3.</_></rects>
      <tilted>0</tilted></_>
    <_>
      <rects>
        <_>
          48 4 2 14 -1.</_>
        <_>
          49 4 1 14 2.</_></rects>
      <tilted>0</tilted></_></features></cascade>
</opencv_storage>
