<?xml version="1.0"?>
<opencv_storage>
<cascade>
  <stageType>BOOST</stageType>
  <featureType>HAAR</featureType>
  <height>50</height>
  <width>50</width>
  <stageParams>
    <boostType>GAB</boostType>
    <minHitRate>9.9900001287460327e-01</minHitRate>
    <maxFalseAlarm>5.0000000000000000e-01</maxFalseAlarm>
    <weightTrimRate>9.4999999999999996e-01</weightTrimRate>
    <maxDepth>1</maxDepth>
    <maxWeakCount>100</maxWeakCount></stageParams>
  <featureParams>
    <maxCatCount>0</maxCatCount>
    <featSize>1</featSize>
    <mode>BASIC</mode></featureParams>
  <stageNum>8</stageNum>
  <stages>
    <!-- stage 0 -->
    <_>
      <maxWeakCount>12</maxWeakCount>
      <stageThreshold>-9.0436077117919922e-01</stageThreshold>
      <weakClassifiers>
        <_>
          <internalNodes>
            0 -1 62 -2.0964469760656357e-02</internalNodes>
          <leafValues>
            -8.7570619583129883e-01 3.9002108573913574e-01</leafValues></_>
        <_>
          <internalNodes>
            0 -1 52 1.4412861317396164e-02</internalNodes>
          <leafValues>
            2.9135292768478394e-01 -7.5449591875076294e-01</leafValues></_>
        <_>
          <internalNodes>
            0 -1 14 8.2496255636215210e-02</internalNodes>
          <leafValues>
            -2.8941676020622253e-01 5.5668431520462036e-01</leafValues></_>
        <_>
          <internalNodes>
            0 -1 72 2.5467088446021080e-02</internalNodes>
          <leafValues>
            1.3270892202854156e-01 -8.2273620367050171e-01</leafValues></_>
        <_>
          <internalNodes>
            0 -1 96 -9.7878146916627884e-03</internalNodes>
          <leafValues>
            -7.9099887609481812e-01 1.1393184214830399e-01</leafValues></_>
        <_>
          <internalNodes>
            0 -1 90 9.4699822366237640e-03</internalNodes>
          <leafValues>
            1.1631470173597336e-01 -8.2276004552841187e-01</leafValues></_>
        <_>
          <internalNodes>
            0 -1 112 7.3565950151532888e-04</internalNodes>
          <leafValues>
            -2.7619343996047974e-01 4.1928938031196594e-01</leafValues></_>
        <_>
          <internalNodes>
            0 -1 86 2.9226270271465182e-04</internalNodes>
          <leafValues>
            1.0508664697408676e-01 -9.6531724929809570e-01</leafValues></_>
        <_>
          <internalNodes>
            0 -1 83 9.2885034973733127e-05</internalNodes>
          <leafValues>
            -2.7373832464218140e-01 4.3901029229164124e-01</leafValues></_>
        <_>
          <internalNodes>
            0 -1 2 4.2028137249872088e-04</internalNodes>
          <leafValues>
            -2.0160225033760071e-01 5.1549881696701050e-01</leafValues></_>
        <_>
          <internalNodes>
            0 -1 8 -9.5759574323892593e-03</internalNodes>
          <leafValues>
            4.7540819644927979e-01 -2.0802819728851318e-01</leafValues></_>
        <_>
          <internalNodes>
            0 -1 28 4.0884679037844762e-05</internalNodes>
          <leafValues>
            -2.0404143631458282e-01 4.6604406833648682e-01</leafValues></_></weakClassifiers></_>
    <!-- stage 1 -->
    <_>
      <maxWeakCount>17</maxWeakCount>
      <stageThreshold>-1.0421122312545776e+00</stageThreshold>
      <weakClassifiers>
        <_>
          <internalNodes>
            0 -1 99 -2.3736350238323212e-02</internalNodes>
          <leafValues>
            -7.5163400173187256e-01 3.5590878129005432e-01</leafValues></_>
        <_>
          <internalNodes>
            0 -1 84 6.9330264523159713e-05</internalNodes>
          <leafValues>
            -1.8897676467895508e-01 4.9909391999244690e-01</leafValues></_>
        <_>
          <internalNodes>
            0 -1 50 -2.3305008187890053e-02</internalNodes>
          <leafValues>
            -7.9249757528305054e-01 1.2071008980274200e-01</leafValues></_>
        <_>
          <internalNodes>
            0 -1 40 -3.1923240423202515e-01</internalNodes>
          <leafValues>
            -7.3624354600906372e-01 8.1733107566833496e-02</leafValues></_>
        <_>
          <internalNodes>
            0 -1 7 -2.2597084753215313e-03</internalNodes>
          <leafValues>
            1.5610691905021667e-01 -6.6518169641494751e-01</leafValues></_>
        <_>
          <internalNodes>
            0 -1 32 3.6505649331957102e-03</internalNodes>
          <leafValues>
            -1.3229390978813171e-01 7.8235876560211182e-01</leafValues></_>
        <_>
          <internalNodes>
            0 -1 31 6.6345296800136566e-02</internalNodes>
          <leafValues>
            1.5821637213230133e-01 -6.2759149074554443e-01</leafValues></_>
        <_>
          <internalNodes>
            0 -1 78 -6.1217416077852249e-03</internalNodes>
          <leafValues>
            7.2507721185684204e-01 -1.6686326265335083e-01</leafValues></_>
        <_>
          <internalNodes>
            0 -1 119 5.2670263685286045e-03</internalNodes>
          <leafValues>
            1.3975679874420166e-01 -9.1037011146545410e-01</leafValues></_>
        <_>
          <internalNodes>
            0 -1 107 -5.4113520309329033e-03</internalNodes>
          <leafValues>
            5.0411099195480347e-01 -2.2257770597934723e-01</leafValues></_>
        <_>
          <internalNodes>
            0 -1 113 3.7091337144374847e-03</internalNodes>
          <leafValues>
            -1.9550503790378571e-01 5.5805295705795288e-01</leafValues></_>
        <_>
          <internalNodes>
            0 -1 77 3.1901907641440630e-04</internalNodes>
          <leafValues>
            -1.5269209444522858e-01 5.2502268552780151e-01</leafValues></_>
        <_>
          <internalNodes>
            0 -1 10 -4.5183571055531502e-03</internalNodes>
          <leafValues>
            4.5888361334800720e-01 -2.1242560446262360e-01</leafValues></_>
        <_>
          <internalNodes>
            0 -1 13 2.5427476502954960e-03</internalNodes>
          <leafValues>
            -2.0602111518383026e-01 5.0690793991088867e-01</leafValues></_>
        <_>
          <internalNodes>
            0 -1 48 -1.4974400401115417e-03</internalNodes>
          <leafValues>
            5.2439743280410767e-01 -1.6262035071849823e-01</leafValues></_>
        <_>
          <internalNodes>
            0 -1 61 1.7572985962033272e-03</internalNodes>
          <leafValues>
            1.3952174782752991e-01 -7.4697130918502808e-01</leafValues></_>
        <_>
          <internalNodes>
            0 -1 63 -1.8958774162456393e-03</internalNodes>
          <leafValues>
            -9.1457134485244751e-01 7.5213029980659485e-02</leafValues></_></weakClassifiers></_>
    <!-- stage 2 -->
    <_>
      <maxWeakCount>18</maxWeakCount>
      <stageThreshold>-8.6085152626037598e-01</stageThreshold>
      <weakClassifiers>
        <_>
          <internalNodes>
            0 -1 12 -6.2082163989543915e-02</internalNodes>
          <leafValues>
            -6.4864861965179443e-01 3.4159779548645020e-01</leafValues></_>
        <_>
          <internalNodes>
            0 -1 71 4.2372086318209767e-04</internalNodes>
          <leafValues>
            -1.4199852943420410e-01 4.6363472938537598e-01</leafValues></_>
        <_>
          <internalNodes>
            0 -1 131 2.0655198022723198e-03</internalNodes>
          <leafValues>
            -1.4475455880165100e-01 6.9868665933609009e-01</leafValues></_>
        <_>
          <internalNodes>
            0 -1 59 1.1029854416847229e-02</internalNodes>
          <leafValues>
            1.2773051857948303e-01 -7.9140222072601318e-01</leafValues></_>
        <_>
          <internalNodes>
            0 -1 111 -8.8193528354167938e-03</internalNodes>
          <leafValues>
            4.7575330734252930e-01 -2.3900161683559418e-01</leafValues></_>
        <_>
          <internalNodes>
            0 -1 66 1.6428615199401975e-03</internalNodes>
          <leafValues>
            1.2272204458713531e-01 -7.7312427759170532e-01</leafValues></_>
        <_>
          <internalNodes>
            0 -1 75 5.2948074880987406e-05</internalNodes>
          <leafValues>
            -1.9676627218723297e-01 4.7325360774993896e-01</leafValues></_>
        <_>
          <internalNodes>
            0 -1 30 2.5392312556505203e-02</internalNodes>
          <leafValues>
            1.2652938067913055e-01 -7.5892663002014160e-01</leafValues></_>
        <_>
          <internalNodes>
            0 -1 123 -8.5925459861755371e-02</internalNodes>
          <leafValues>
            -6.3790827989578247e-01 1.1851751059293747e-01</leafValues></_>
        <_>
          <internalNodes>
            0 -1 130 -5.1482667913660407e-04</internalNodes>
          <leafValues>
            6.0316765308380127e-01 -1.5506261587142944e-01</leafValues></_>
        <_>
          <internalNodes>
            0 -1 105 2.8129072859883308e-02</internalNodes>
          <leafValues>
            1.3449734449386597e-01 -6.5062779188156128e-01</leafValues></_>
        <_>
          <internalNodes>
            0 -1 97 4.7537880018353462e-03</internalNodes>
          <leafValues>
            1.2955915927886963e-01 -7.4054759740829468e-01</leafValues></_>
        <_>
          <internalNodes>
            0 -1 140 4.4591986807063222e-05</internalNodes>
          <leafValues>
            -2.1681340038776398e-01 4.7828531265258789e-01</leafValues></_>
        <_>
          <internalNodes>
            0 -1 129 -3.5670583602041006e-03</internalNodes>
          <leafValues>
            -9.5394974946975708e-01 1.0838854312896729e-01</leafValues></_>
        <_>
          <internalNodes>
            0 -1 76 -1.1433512554503977e-04</internalNodes>
          <leafValues>
            3.5845294594764709e-01 -2.7265602350234985e-01</leafValues></_>
        <_>
          <internalNodes>
            0 -1 16 -1.0369878727942705e-03</internalNodes>
          <leafValues>
            3.6727854609489441e-01 -2.5899603962898254e-01</leafValues></_>
        <_>
          <internalNodes>
            0 -1 70 2.2547747939825058e-03</internalNodes>
          <leafValues>
            -1.2602482736110687e-01 7.2975569963455200e-01</leafValues></_>
        <_>
          <internalNodes>
            0 -1 19 1.1268997937440872e-01</internalNodes>
          <leafValues>
            -1.5946936607360840e-01 5.0597184896469116e-01</leafValues></_></weakClassifiers></_>
    <!-- stage 3 -->
    <_>
      <maxWeakCount>20</maxWeakCount>
      <stageThreshold>-8.8867771625518799e-01</stageThreshold>
      <weakClassifiers>
        <_>
          <internalNodes>
            0 -1 118 2.7284587267786264e-03</internalNodes>
          <leafValues>
            3.7640449404716492e-01 -7.7272725105285645e-01</leafValues></_>
        <_>
          <internalNodes>
            0 -1 0 -4.8328742384910583e-01</internalNodes>
          <leafValues>
            -5.9505933523178101e-01 2.2412897646427155e-01</leafValues></_>
        <_>
          <internalNodes>
            0 -1 73 -1.4746361412107944e-03</internalNodes>
          <leafValues>
            -7.5315684080123901e-01 9.6280597150325775e-02</leafValues></_>
        <_>
          <internalNodes>
            0 -1 64 -1.3791698729619384e-03</internalNodes>
          <leafValues>
            -7.0963764190673828e-01 1.4298130571842194e-01</leafValues></_>
        <_>
          <internalNodes>
            0 -1 127 -2.4508519563823938e-03</internalNodes>
          <leafValues>
            -7.4329739809036255e-01 1.3216447830200195e-01</leafValues></_>
        <_>
          <internalNodes>
            0 -1 35 -2.2894358262419701e-03</internalNodes>
          <leafValues>
            3.7877330183982849e-01 -3.0311453342437744e-01</leafValues></_>
        <_>
          <internalNodes>
            0 -1 53 -1.7438861541450024e-03</internalNodes>
          <leafValues>
            -6.9804990291595459e-01 1.2499146908521652e-01</leafValues></_>
        <_>
          <internalNodes>
            0 -1 46 -2.1025747992098331e-03</internalNodes>
          <leafValues>
            -7.3952323198318481e-01 1.0708834975957870e-01</leafValues></_>
        <_>
          <internalNodes>
            0 -1 148 1.7848063725978136e-04</internalNodes>
          <leafValues>
            -2.2510407865047455e-01 4.7068646550178528e-01</leafValues></_>
        <_>
          <internalNodes>
            0 -1 134 -2.5085043162107468e-03</internalNodes>
          <leafValues>
            -6.4229756593704224e-01 1.4915294945240021e-01</leafValues></_>
        <_>
          <internalNodes>
            0 -1 33 4.3229432776570320e-04</internalNodes>
          <leafValues>
            -2.0324710011482239e-01 5.3612405061721802e-01</leafValues></_>
        <_>
          <internalNodes>
            0 -1 124 -2.5391327217221260e-03</internalNodes>
          <leafValues>
            -7.6361888647079468e-01 1.1506543308496475e-01</leafValues></_>
        <_>
          <internalNodes>
            0 -1 98 2.3534006322734058e-04</internalNodes>
          <leafValues>
            -2.7631670236587524e-01 4.0618374943733215e-01</leafValues></_>
        <_>
          <internalNodes>
            0 -1 37 -8.8231579866260290e-05</internalNodes>
          <leafValues>
            5.3662335872650146e-01 -1.8173360824584961e-01</leafValues></_>
        <_>
          <internalNodes>
            0 -1 5 -4.7931950539350510e-03</internalNodes>
          <leafValues>
            6.1673760414123535e-01 -1.5704573690891266e-01</leafValues></_>
        <_>
          <internalNodes>
            0 -1 38 2.2945292294025421e-03</internalNodes>
          <leafValues>
            1.0006994754076004e-01 -8.8524061441421509e-01</leafValues></_>
        <_>
          <internalNodes>
            0 -1 1 -3.5558700561523438e-01</internalNodes>
          <leafValues>
            -6.7237615585327148e-01 1.2488619238138199e-01</leafValues></_>
        <_>
          <internalNodes>
            0 -1 95 2.6377809699624777e-03</internalNodes>
          <leafValues>
            1.2149415910243988e-01 -7.5236767530441284e-01</leafValues></_>
        <_>
          <internalNodes>
            0 -1 29 -1.3312948867678642e-02</internalNodes>
          <leafValues>
            8.4805905818939209e-01 -1.4259465038776398e-01</leafValues></_>
        <_>
          <internalNodes>
            0 -1 128 -2.3330349358730018e-04</internalNodes>
          <leafValues>
            5.8482843637466431e-01 -1.4433565735816956e-01</leafValues></_></weakClassifiers></_>
    <!-- stage 4 -->
    <_>
      <maxWeakCount>19</maxWeakCount>
      <stageThreshold>-9.1623634099960327e-01</stageThreshold>
      <weakClassifiers>
        <_>
          <internalNodes>
            0 -1 114 2.0987521857023239e-03</internalNodes>
          <leafValues>
            3.8362067937850952e-01 -6.4423078298568726e-01</leafValues></_>
        <_>
          <internalNodes>
            0 -1 109 2.2946484386920929e-03</internalNodes>
          <leafValues>
            1.5235516428947449e-01 -7.5141322612762451e-01</leafValues></_>
        <_>
          <internalNodes>
            0 -1 67 6.4040273427963257e-03</internalNodes>
          <leafValues>
            -1.5000753104686737e-01 6.5243577957153320e-01</leafValues></_>
        <_>
          <internalNodes>
            0 -1 57 2.1793176420032978e-03</internalNodes>
          <leafValues>
            1.2228948622941971e-01 -7.9699665307998657e-01</leafValues></_>
        <_>
          <internalNodes>
            0 -1 20 2.1999353542923927e-02</internalNodes>
          <leafValues>
            -1.8386848270893097e-01 5.8743745088577271e-01</leafValues></_>
        <_>
          <internalNodes>
            0 -1 104 2.4209367111325264e-03</internalNodes>
          <leafValues>
            -1.4624150097370148e-01 6.5199881792068481e-01</leafValues></_>
        <_>
          <internalNodes>
            0 -1 56 -1.9973134621977806e-03</internalNodes>
          <leafValues>
            -7.3783886432647705e-01 1.2432636320590973e-01</leafValues></_>
        <_>
          <internalNodes>
            0 -1 17 -3.5176894161850214e-03</internalNodes>
          <leafValues>
            -6.8751251697540283e-01 1.1946534365415573e-01</leafValues></_>
        <_>
          <internalNodes>
            0 -1 120 -1.4701802865602076e-04</internalNodes>
          <leafValues>
            3.8430002331733704e-01 -2.3303091526031494e-01</leafValues></_>
        <_>
          <internalNodes>
            0 -1 3 -6.6698305308818817e-03</internalNodes>
          <leafValues>
            3.2592049241065979e-01 -2.7724590897560120e-01</leafValues></_>
        <_>
          <internalNodes>
            0 -1 133 2.6695390697568655e-03</internalNodes>
          <leafValues>
            1.1367314308881760e-01 -8.2030510902404785e-01</leafValues></_>
        <_>
          <internalNodes>
            0 -1 94 -1.9497675821185112e-03</internalNodes>
          <leafValues>
            -7.8759109973907471e-01 9.7133681178092957e-02</leafValues></_>
        <_>
          <internalNodes>
            0 -1 108 6.8219815148040652e-04</internalNodes>
          <leafValues>
            -1.7972795665264130e-01 5.7817584276199341e-01</leafValues></_>
        <_>
          <internalNodes>
            0 -1 93 -1.8629492260515690e-03</internalNodes>
          <leafValues>
            5.2582710981369019e-01 -1.5085619688034058e-01</leafValues></_>
        <_>
          <internalNodes>
            0 -1 103 8.3703047130256891e-04</internalNodes>
          <leafValues>
            -1.6325551271438599e-01 5.4315274953842163e-01</leafValues></_>
        <_>
          <internalNodes>
            0 -1 100 -2.7442751452326775e-03</internalNodes>
          <leafValues>
            -7.7750134468078613e-01 1.2362767755985260e-01</leafValues></_>
        <_>
          <internalNodes>
            0 -1 147 8.1860169302672148e-05</internalNodes>
          <leafValues>
            -2.5013986229896545e-01 3.6683115363121033e-01</leafValues></_>
        <_>
          <internalNodes>
            0 -1 69 4.7494300815742463e-05</internalNodes>
          <leafValues>
            -1.8106056749820709e-01 4.7155916690826416e-01</leafValues></_>
        <_>
          <internalNodes>
            0 -1 139 -1.7250741366297007e-03</internalNodes>
          <leafValues>
            -6.8930965662002563e-01 1.3793827593326569e-01</leafValues></_></weakClassifiers></_>
    <!-- stage 5 -->
    <_>
      <maxWeakCount>21</maxWeakCount>
      <stageThreshold>-1.0512889623641968e+00</stageThreshold>
      <weakClassifiers>
        <_>
          <internalNodes>
            0 -1 49 2.2827964276075363e-03</internalNodes>
          <leafValues>
            3.7606838345527649e-01 -6.5306121110916138e-01</leafValues></_>
        <_>
          <internalNodes>
            0 -1 22 -5.7771792635321617e-03</internalNodes>
          <leafValues>
            1.8338041007518768e-01 -5.0896310806274414e-01</leafValues></_>
        <_>
          <internalNodes>
            0 -1 36 -8.6813541129231453e-03</internalNodes>
          <leafValues>
            7.9885601997375488e-01 -1.1006734520196915e-01</leafValues></_>
        <_>
          <internalNodes>
            0 -1 6 2.5448886677622795e-02</internalNodes>
          <leafValues>
            -1.5079830586910248e-01 6.6981583833694458e-01</leafValues></_>
        <_>
          <internalNodes>
            0 -1 74 1.7462126561440527e-04</internalNodes>
          <leafValues>
            -1.6840410232543945e-01 5.0338673591613770e-01</leafValues></_>
        <_>
          <internalNodes>
            0 -1 102 6.4129207748919725e-04</internalNodes>
          <leafValues>
            1.4601084589958191e-01 -7.4397814273834229e-01</leafValues></_>
        <_>
          <internalNodes>
            0 -1 65 -9.6272900700569153e-03</internalNodes>
          <leafValues>
            6.7514181137084961e-01 -1.3670918345451355e-01</leafValues></_>
        <_>
          <internalNodes>
            0 -1 92 4.0141175850294530e-04</internalNodes>
          <leafValues>
            -3.0317258834838867e-01 3.2983133196830750e-01</leafValues></_>
        <_>
          <internalNodes>
            0 -1 39 6.0233953408896923e-03</internalNodes>
          <leafValues>
            -1.3564503192901611e-01 7.0892107486724854e-01</leafValues></_>
        <_>
          <internalNodes>
            0 -1 87 -1.9403458281885833e-04</internalNodes>
          <leafValues>
            4.2469042539596558e-01 -1.9793015718460083e-01</leafValues></_>
        <_>
          <internalNodes>
            0 -1 135 -3.2028011046350002e-03</internalNodes>
          <leafValues>
            -8.8275408744812012e-01 9.2249855399131775e-02</leafValues></_>
        <_>
          <internalNodes>
            0 -1 42 9.0258348791394383e-05</internalNodes>
          <leafValues>
            -1.7822448909282684e-01 5.6312257051467896e-01</leafValues></_>
        <_>
          <internalNodes>
            0 -1 24 -7.0504983887076378e-04</internalNodes>
          <leafValues>
            5.7303476333618164e-01 -1.4343887567520142e-01</leafValues></_>
        <_>
          <internalNodes>
            0 -1 144 -4.1563958802726120e-05</internalNodes>
          <leafValues>
            4.7651723027229309e-01 -1.9171573221683502e-01</leafValues></_>
        <_>
          <internalNodes>
            0 -1 51 -5.6679593399167061e-04</internalNodes>
          <leafValues>
            3.8108798861503601e-01 -2.4436190724372864e-01</leafValues></_>
        <_>
          <internalNodes>
            0 -1 82 2.0068003796041012e-03</internalNodes>
          <leafValues>
            1.3953767716884613e-01 -8.2995367050170898e-01</leafValues></_>
        <_>
          <internalNodes>
            0 -1 15 -1.2806948274374008e-02</internalNodes>
          <leafValues>
            5.0546902418136597e-01 -2.0056459307670593e-01</leafValues></_>
        <_>
          <internalNodes>
            0 -1 23 -1.0871885344386101e-02</internalNodes>
          <leafValues>
            7.8182983398437500e-01 -1.1442621797323227e-01</leafValues></_>
        <_>
          <internalNodes>
            0 -1 88 -3.8468590355478227e-04</internalNodes>
          <leafValues>
            5.8471131324768066e-01 -1.2860015034675598e-01</leafValues></_>
        <_>
          <internalNodes>
            0 -1 122 -1.6510009299963713e-04</internalNodes>
          <leafValues>
            4.3759191036224365e-01 -1.8808338046073914e-01</leafValues></_>
        <_>
          <internalNodes>
            0 -1 137 1.6478353645652533e-03</internalNodes>
          <leafValues>
            1.2493565678596497e-01 -7.4690103530883789e-01</leafValues></_></weakClassifiers></_>
    <!-- stage 6 -->
    <_>
      <maxWeakCount>22</maxWeakCount>
      <stageThreshold>-1.0047974586486816e+00</stageThreshold>
      <weakClassifiers>
        <_>
          <internalNodes>
            0 -1 101 5.0924941897392273e-03</internalNodes>
          <leafValues>
            3.3064517378807068e-01 -8.2142859697341919e-01</leafValues></_>
        <_>
          <internalNodes>
            0 -1 54 -1.5369220636785030e-02</internalNodes>
          <leafValues>
            -5.0632309913635254e-01 2.0198009908199310e-01</leafValues></_>
        <_>
          <internalNodes>
            0 -1 43 1.9230974139645696e-03</internalNodes>
          <leafValues>
            -1.5373070538043976e-01 6.3794982433319092e-01</leafValues></_>
        <_>
          <internalNodes>
            0 -1 116 3.5925797419622540e-04</internalNodes>
          <leafValues>
            -2.1267926692962646e-01 4.4668033719062805e-01</leafValues></_>
        <_>
          <internalNodes>
            0 -1 68 -4.8536760732531548e-03</internalNodes>
          <leafValues>
            4.5009434223175049e-01 -1.9057816267013550e-01</leafValues></_>
        <_>
          <internalNodes>
            0 -1 80 1.7447192221879959e-03</internalNodes>
          <leafValues>
            -2.0834307372570038e-01 4.8553961515426636e-01</leafValues></_>
        <_>
          <internalNodes>
            0 -1 55 2.2582535166293383e-03</internalNodes>
          <leafValues>
            -1.3263484835624695e-01 5.6877547502517700e-01</leafValues></_>
        <_>
          <internalNodes>
            0 -1 18 -1.8410451710224152e-02</internalNodes>
          <leafValues>
            4.3784284591674805e-01 -2.1397280693054199e-01</leafValues></_>
        <_>
          <internalNodes>
            0 -1 146 -2.4721608497202396e-03</internalNodes>
          <leafValues>
            -7.1997320652008057e-01 1.3349331915378571e-01</leafValues></_>
        <_>
          <internalNodes>
            0 -1 136 4.2837504297494888e-03</internalNodes>
          <leafValues>
            -2.6685285568237305e-01 3.5525834560394287e-01</leafValues></_>
        <_>
          <internalNodes>
            0 -1 11 -9.1716647148132324e-02</internalNodes>
          <leafValues>
            -7.9003316164016724e-01 1.2732417881488800e-01</leafValues></_>
        <_>
          <internalNodes>
            0 -1 44 1.4507427113130689e-04</internalNodes>
          <leafValues>
            -1.8006204068660736e-01 5.2978169918060303e-01</leafValues></_>
        <_>
          <internalNodes>
            0 -1 115 1.5142691554501653e-03</internalNodes>
          <leafValues>
            1.2920439243316650e-01 -7.3351418972015381e-01</leafValues></_>
        <_>
          <internalNodes>
            0 -1 41 3.2843739609234035e-04</internalNodes>
          <leafValues>
            -1.7659328877925873e-01 5.0383102893829346e-01</leafValues></_>
        <_>
          <internalNodes>
            0 -1 34 -1.7736193537712097e-01</internalNodes>
          <leafValues>
            -8.3771473169326782e-01 9.9487133324146271e-02</leafValues></_>
        <_>
          <internalNodes>
            0 -1 47 -5.5046152556315064e-04</internalNodes>
          <leafValues>
            5.0386732816696167e-01 -2.1143338084220886e-01</leafValues></_>
        <_>
          <internalNodes>
            0 -1 85 1.4478020602837205e-04</internalNodes>
          <leafValues>
            -1.9001236557960510e-01 4.0968132019042969e-01</leafValues></_>
        <_>
          <internalNodes>
            0 -1 60 1.4471911126747727e-03</internalNodes>
          <leafValues>
            1.1972404271364212e-01 -7.5341939926147461e-01</leafValues></_>
        <_>
          <internalNodes>
            0 -1 21 4.7645596787333488e-03</internalNodes>
          <leafValues>
            -1.7171755433082581e-01 5.5599999427795410e-01</leafValues></_>
        <_>
          <internalNodes>
            0 -1 9 -5.5616190657019615e-03</internalNodes>
          <leafValues>
            1.6812212765216827e-01 -5.9820431470870972e-01</leafValues></_>
        <_>
          <internalNodes>
            0 -1 58 1.0824430501088500e-04</internalNodes>
          <leafValues>
            -2.5113973021507263e-01 3.7375751137733459e-01</leafValues></_>
        <_>
          <internalNodes>
            0 -1 106 1.5005256980657578e-02</internalNodes>
          <leafValues>
            1.0910473763942719e-01 -9.0543603897094727e-01</leafValues></_></weakClassifiers></_>
    <!-- stage 7 -->
    <_>
      <maxWeakCount>21</maxWeakCount>
      <stageThreshold>-9.1320616006851196e-01</stageThreshold>
      <weakClassifiers>
        <_>
          <internalNodes>
            0 -1 81 -2.3529143072664738e-03</internalNodes>
          <leafValues>
            -6.8253970146179199e-01 3.2971507310867310e-01</leafValues></_>
        <_>
          <internalNodes>
            0 -1 79 1.5355895739048719e-03</internalNodes>
          <leafValues>
            -1.0719915479421616e-01 7.5980305671691895e-01</leafValues></_>
        <_>
          <internalNodes>
            0 -1 91 -6.4518477302044630e-04</internalNodes>
          <leafValues>
            4.3827161192893982e-01 -2.2214673459529877e-01</leafValues></_>
        <_>
          <internalNodes>
            0 -1 141 2.7281901566311717e-05</internalNodes>
          <leafValues>
            -1.7583729326725006e-01 4.9092045426368713e-01</leafValues></_>
        <_>
          <internalNodes>
            0 -1 126 -2.6812041178345680e-03</internalNodes>
          <leafValues>
            4.7992536425590515e-01 -1.8843281269073486e-01</leafValues></_>
        <_>
          <internalNodes>
            0 -1 125 4.3948823586106300e-03</internalNodes>
          <leafValues>
            -1.5311630070209503e-01 6.4128708839416504e-01</leafValues></_>
        <_>
          <internalNodes>
            0 -1 138 -5.0928465498145670e-05</internalNodes>
          <leafValues>
            4.7406992316246033e-01 -1.7394113540649414e-01</leafValues></_>
        <_>
          <internalNodes>
            0 -1 145 1.1739789624698460e-04</internalNodes>
          <leafValues>
            -1.7362946271896362e-01 5.3524786233901978e-01</leafValues></_>
        <_>
          <internalNodes>
            0 -1 132 1.0679419210646302e-04</internalNodes>
          <leafValues>
            -2.1951551735401154e-01 4.2434966564178467e-01</leafValues></_>
        <_>
          <internalNodes>
            0 -1 89 9.1591943055391312e-03</internalNodes>
          <leafValues>
            1.3825882971286774e-01 -7.6164436340332031e-01</leafValues></_>
        <_>
          <internalNodes>
            0 -1 149 -4.8814358888193965e-04</internalNodes>
          <leafValues>
            4.4979214668273926e-01 -2.0601044595241547e-01</leafValues></_>
        <_>
          <internalNodes>
            0 -1 4 5.1228986121714115e-03</internalNodes>
          <leafValues>
            -1.3356959819793701e-01 6.6279017925262451e-01</leafValues></_>
        <_>
          <internalNodes>
            0 -1 25 -1.6354087740182877e-02</internalNodes>
          <leafValues>
            -7.5593757629394531e-01 1.4582844078540802e-01</leafValues></_>
        <_>
          <internalNodes>
            0 -1 27 -5.9156515635550022e-04</internalNodes>
          <leafValues>
            6.1603105068206787e-01 -1.6773968935012817e-01</leafValues></_>
        <_>
          <internalNodes>
            0 -1 142 1.2922249152325094e-04</internalNodes>
          <leafValues>
            -1.2824085354804993e-01 5.7578539848327637e-01</leafValues></_>
        <_>
          <internalNodes>
            0 -1 45 1.1014809133484960e-03</internalNodes>
          <leafValues>
            -1.8370424211025238e-01 4.6007373929023743e-01</leafValues></_>
        <_>
          <internalNodes>
            0 -1 26 -2.9463700484484434e-03</internalNodes>
          <leafValues>
            6.3607996702194214e-01 -1.2733779847621918e-01</leafValues></_>
        <_>
          <internalNodes>
            0 -1 143 4.0598664782010019e-05</internalNodes>
          <leafValues>
            -1.9799499213695526e-01 4.0858662128448486e-01</leafValues></_>
        <_>
          <internalNodes>
            0 -1 121 1.1624058242887259e-04</internalNodes>
          <leafValues>
            -1.9666160643100739e-01 5.2341479063034058e-01</leafValues></_>
        <_>
          <internalNodes>
            0 -1 110 -1.4740375336259604e-03</internalNodes>
          <leafValues>
            -8.4392076730728149e-01 1.2576621770858765e-01</leafValues></_>
        <_>
          <internalNodes>
            0 -1 117 2.1933714742772281e-04</internalNodes>
          <leafValues>
            -2.0823280513286591e-01 4.8901352286338806e-01</leafValues></_></weakClassifiers></_></stages>
  <features>
    <_>
      <rects>
        <_>
          0 4 49 46 -1.</_>
        <_>
          0 27 49 23 2.</_></rects>
      <tilted>0</tilted></_>
    <_>
      <rects>
        <_>
          0 8 48 36 -1.</_>
        <_>
          0 26 48 18 2.</_></rects>
      <tilted>0</tilted></_>
    <_>
      <rects>
        <_>
          0 24 2 12 -1.</_>
        <_>
          0 24 1 6 2.</_>
        <_>
          1 30 1 6 2.</_></rects>
      <tilted>0</tilted></_>
    <_>
      <rects>
        <_>
          0 27 24 4 -1.</_>
        <_>
          12 27 12 4 2.</_></rects>
      <tilted>0</tilted></_>
    <_>
      <rects>
        <_>
          1 2 4 22 -1.</_>
        <_>
          3 2 2 22 2.</_></rects>
      <tilted>0</tilted></_>
    <_>
      <rects>
        <_>
          1 2 10 12 -1.</_>
        <_>
          1 6 10 4 3.</_></rects>
      <tilted>0</tilted></_>
    <_>
      <rects>
        <_>
          1 5 11 16 -1.</_>
        <_>
          1 13 11 8 2.</_></rects>
      <tilted>0</tilted></_>
    <_>
      <rects>
        <_>
          1 13 42 24 -1.</_>
        <_>
          1 25 42 12 2.</_></rects>
      <tilted>0</tilted></_>
    <_>
      <rects>
        <_>
          3 11 18 14 -1.</_>
        <_>
          3 11 9 7 2.</_>
        <_>
          12 18 9 7 2.</_></rects>
      <tilted>0</tilted></_>
    <_>
      <rects>
        <_>
          3 13 42 22 -1.</_>
        <_>
          3 24 42 11 2.</_></rects>
      <tilted>0</tilted></_>
    <_>
      <rects>
        <_>
          4 28 18 3 -1.</_>
        <_>
          13 28 9 3 2.</_></rects>
      <tilted>0</tilted></_>
    <_>
      <rects>
        <_>
          4 32 40 12 -1.</_>
        <_>
          24 32 20 12 2.</_></rects>
      <tilted>0</tilted></_>
    <_>
      <rects>
        <_>
          5 8 18 38 -1.</_>
        <_>
          11 8 6 38 3.</_></rects>
      <tilted>0</tilted></_>
    <_>
      <rects>
        <_>
          6 0 1 22 -1.</_>
        <_>
          6 11 1 11 2.</_></rects>
      <tilted>0</tilted></_>
    <_>
      <rects>
        <_>
          6 3 22 27 -1.</_>
        <_>
          6 12 22 9 3.</_></rects>
      <tilted>0</tilted></_>
    <_>
      <rects>
        <_>
          6 10 44 8 -1.</_>
        <_>
          6 10 22 4 2.</_>
        <_>
          28 14 22 4 2.</_></rects>
      <tilted>0</tilted></_>
    <_>
      <rects>
        <_>
          6 31 16 1 -1.</_>
        <_>
          14 31 8 1 2.</_></rects>
      <tilted>0</tilted></_>
    <_>
      <rects>
        <_>
          7 4 3 36 -1.</_>
        <_>
          8 4 1 36 3.</_></rects>
      <tilted>0</tilted></_>
    <_>
      <rects>
        <_>
          7 18 24 9 -1.</_>
        <_>
          19 18 12 9 2.</_></rects>
      <tilted>0</tilted></_>
    <_>
      <rects>
        <_>
          8 1 39 27 -1.</_>
        <_>
          8 10 39 9 3.</_></rects>
      <tilted>0</tilted></_>
    <_>
      <rects>
        <_>
          8 4 16 14 -1.</_>
        <_>
          8 11 16 7 2.</_></rects>
      <tilted>0</tilted></_>
    <_>
      <rects>
        <_>
          9 0 31 4 -1.</_>
        <_>
          9 2 31 2 2.</_></rects>
      <tilted>0</tilted></_>
    <_>
      <rects>
        <_>
          9 14 30 20 -1.</_>
        <_>
          9 24 30 10 2.</_></rects>
      <tilted>0</tilted></_>
    <_>
      <rects>
        <_>
          9 35 11 9 -1.</_>
        <_>
          9 38 11 3 3.</_></rects>
      <tilted>0</tilted></_>
    <_>
      <rects>
        <_>
          9 36 16 2 -1.</_>
        <_>
          9 36 8 1 2.</_>
        <_>
          17 37 8 1 2.</_></rects>
      <tilted>0</tilted></_>
    <_>
      <rects>
        <_>
          10 8 15 12 -1.</_>
        <_>
          15 8 5 12 3.</_></rects>
      <tilted>0</tilted></_>
    <_>
      <rects>
        <_>
          10 37 7 6 -1.</_>
        <_>
          10 39 7 2 3.</_></rects>
      <tilted>0</tilted></_>
    <_>
      <rects>
        <_>
          11 7 4 6 -1.</_>
        <_>
          11 7 2 3 2.</_>
        <_>
          13 10 2 3 2.</_></rects>
      <tilted>0</tilted></_>
    <_>
      <rects>
        <_>
          11 28 2 2 -1.</_>
        <_>
          11 28 1 1 2.</_>
        <_>
          12 29 1 1 2.</_></rects>
      <tilted>0</tilted></_>
    <_>
      <rects>
        <_>
          11 31 22 8 -1.</_>
        <_>
          11 31 11 4 2.</_>
        <_>
          22 35 11 4 2.</_></rects>
      <tilted>0</tilted></_>
    <_>
      <rects>
        <_>
          12 6 27 40 -1.</_>
        <_>
          12 26 27 20 2.</_></rects>
      <tilted>0</tilted></_>
    <_>
      <rects>
        <_>
          12 18 33 27 -1.</_>
        <_>
          23 18 11 27 3.</_></rects>
      <tilted>0</tilted></_>
    <_>
      <rects>
        <_>
          13 27 12 4 -1.</_>
        <_>
          13 27 6 2 2.</_>
        <_>
          19 29 6 2 2.</_></rects>
      <tilted>0</tilted></_>
    <_>
      <rects>
        <_>
          13 38 3 4 -1.</_>
        <_>
          13 40 3 2 2.</_></rects>
      <tilted>0</tilted></_>
    <_>
      <rects>
        <_>
          14 12 23 30 -1.</_>
        <_>
          14 27 23 15 2.</_></rects>
      <tilted>0</tilted></_>
    <_>
      <rects>
        <_>
          14 20 11 6 -1.</_>
        <_>
          14 23 11 3 2.</_></rects>
      <tilted>0</tilted></_>
    <_>
      <rects>
        <_>
          14 38 8 9 -1.</_>
        <_>
          14 41 8 3 3.</_></rects>
      <tilted>0</tilted></_>
    <_>
      <rects>
        <_>
          15 9 4 2 -1.</_>
        <_>
          15 10 4 1 2.</_></rects>
      <tilted>0</tilted></_>
    <_>
      <rects>
        <_>
          15 20 3 18 -1.</_>
        <_>
          16 20 1 18 3.</_></rects>
      <tilted>0</tilted></_>
    <_>
      <rects>
        <_>
          15 36 3 12 -1.</_>
        <_>
          15 40 3 4 3.</_></rects>
      <tilted>0</tilted></_>
    <_>
      <rects>
        <_>
          16 8 34 42 -1.</_>
        <_>
          16 29 34 21 2.</_></rects>
      <tilted>0</tilted></_>
    <_>
      <rects>
        <_>
          16 25 1 6 -1.</_>
        <_>
          16 27 1 2 3.</_></rects>
      <tilted>0</tilted></_>
    <_>
      <rects>
        <_>
          16 33 1 2 -1.</_>
        <_>
          16 34 1 1 2.</_></rects>
      <tilted>0</tilted></_>
    <_>
      <rects>
        <_>
          16 34 7 4 -1.</_>
        <_>
          16 36 7 2 2.</_></rects>
      <tilted>0</tilted></_>
    <_>
      <rects>
        <_>
          17 21 3 2 -1.</_>
        <_>
          17 22 3 1 2.</_></rects>
      <tilted>0</tilted></_>
    <_>
      <rects>
        <_>
          17 37 6 4 -1.</_>
        <_>
          17 39 6 2 2.</_></rects>
      <tilted>0</tilted></_>
    <_>
      <rects>
        <_>
          18 11 3 25 -1.</_>
        <_>
          19 11 1 25 3.</_></rects>
      <tilted>0</tilted></_>
    <_>
      <rects>
        <_>
          18 26 7 2 -1.</_>
        <_>
          18 27 7 1 2.</_></rects>
      <tilted>0</tilted></_>
    <_>
      <rects>
        <_>
          18 33 4 6 -1.</_>
        <_>
          18 35 4 2 3.</_></rects>
      <tilted>0</tilted></_>
    <_>
      <rects>
        <_>
          19 9 3 28 -1.</_>
        <_>
          20 9 1 28 3.</_></rects>
      <tilted>0</tilted></_>
    <_>
      <rects>
        <_>
          19 9 15 28 -1.</_>
        <_>
          24 9 5 28 3.</_></rects>
      <tilted>0</tilted></_>
    <_>
      <rects>
        <_>
          19 10 8 4 -1.</_>
        <_>
          19 12 8 2 2.</_></rects>
      <tilted>0</tilted></_>
    <_>
      <rects>
        <_>
          19 11 15 21 -1.</_>
        <_>
          24 11 5 21 3.</_></rects>
      <tilted>0</tilted></_>
    <_>
      <rects>
        <_>
          19 13 3 23 -1.</_>
        <_>
          20 13 1 23 3.</_></rects>
      <tilted>0</tilted></_>
    <_>
      <rects>
        <_>
          19 21 18 17 -1.</_>
        <_>
          25 21 6 17 3.</_></rects>
      <tilted>0</tilted></_>
    <_>
      <rects>
        <_>
          19 32 5 6 -1.</_>
        <_>
          19 34 5 2 3.</_></rects>
      <tilted>0</tilted></_>
    <_>
      <rects>
        <_>
          20 2 3 27 -1.</_>
        <_>
          21 2 1 27 3.</_></rects>
      <tilted>0</tilted></_>
    <_>
      <rects>
        <_>
          20 8 3 21 -1.</_>
        <_>
          21 8 1 21 3.</_></rects>
      <tilted>0</tilted></_>
    <_>
      <rects>
        <_>
          20 14 2 4 -1.</_>
        <_>
          20 16 2 2 2.</_></rects>
      <tilted>0</tilted></_>
    <_>
      <rects>
        <_>
          20 14 12 16 -1.</_>
        <_>
          24 14 4 16 3.</_></rects>
      <tilted>0</tilted></_>
    <_>
      <rects>
        <_>
          20 20 3 16 -1.</_>
        <_>
          21 20 1 16 3.</_></rects>
      <tilted>0</tilted></_>
    <_>
      <rects>
        <_>
          21 8 3 20 -1.</_>
        <_>
          22 8 1 20 3.</_></rects>
      <tilted>0</tilted></_>
    <_>
      <rects>
        <_>
          21 10 12 30 -1.</_>
        <_>
          25 10 4 30 3.</_></rects>
      <tilted>0</tilted></_>
    <_>
      <rects>
        <_>
          21 12 3 18 -1.</_>
        <_>
          22 12 1 18 3.</_></rects>
      <tilted>0</tilted></_>
    <_>
      <rects>
        <_>
          21 14 3 22 -1.</_>
        <_>
          22 14 1 22 3.</_></rects>
      <tilted>0</tilted></_>
    <_>
      <rects>
        <_>
          21 16 4 15 -1.</_>
        <_>
          21 21 4 5 3.</_></rects>
      <tilted>0</tilted></_>
    <_>
      <rects>
        <_>
          21 18 3 18 -1.</_>
        <_>
          22 18 1 18 3.</_></rects>
      <tilted>0</tilted></_>
    <_>
      <rects>
        <_>
          21 35 4 12 -1.</_>
        <_>
          21 39 4 4 3.</_></rects>
      <tilted>0</tilted></_>
    <_>
      <rects>
        <_>
          21 40 15 9 -1.</_>
        <_>
          21 43 15 3 3.</_></rects>
      <tilted>0</tilted></_>
    <_>
      <rects>
        <_>
          22 1 2 3 -1.</_>
        <_>
          22 2 2 1 3.</_></rects>
      <tilted>0</tilted></_>
    <_>
      <rects>
        <_>
          22 28 5 4 -1.</_>
        <_>
          22 30 5 2 2.</_></rects>
      <tilted>0</tilted></_>
    <_>
      <rects>
        <_>
          22 38 2 6 -1.</_>
        <_>
          22 40 2 2 3.</_></rects>
      <tilted>0</tilted></_>
    <_>
      <rects>
        <_>
          23 10 14 30 -1.</_>
        <_>
          23 25 14 15 2.</_></rects>
      <tilted>0</tilted></_>
    <_>
      <rects>
        <_>
          23 18 3 20 -1.</_>
        <_>
          24 18 1 20 3.</_></rects>
      <tilted>0</tilted></_>
    <_>
      <rects>
        <_>
          23 20 3 2 -1.</_>
        <_>
          23 21 3 1 2.</_></rects>
      <tilted>0</tilted></_>
    <_>
      <rects>
        <_>
          23 21 1 2 -1.</_>
        <_>
          23 22 1 1 2.</_></rects>
      <tilted>0</tilted></_>
    <_>
      <rects>
        <_>
          23 24 3 3 -1.</_>
        <_>
          24 24 1 3 3.</_></rects>
      <tilted>0</tilted></_>
    <_>
      <rects>
        <_>
          23 25 2 4 -1.</_>
        <_>
          23 27 2 2 2.</_></rects>
      <tilted>0</tilted></_>
    <_>
      <rects>
        <_>
          23 25 4 9 -1.</_>
        <_>
          23 28 4 3 3.</_></rects>
      <tilted>0</tilted></_>
    <_>
      <rects>
        <_>
          23 27 3 6 -1.</_>
        <_>
          23 29 3 2 3.</_></rects>
      <tilted>0</tilted></_>
    <_>
      <rects>
        <_>
          23 41 8 6 -1.</_>
        <_>
          23 43 8 2 3.</_></rects>
      <tilted>0</tilted></_>
    <_>
      <rects>
        <_>
          24 14 3 26 -1.</_>
        <_>
          25 14 1 26 3.</_></rects>
      <tilted>0</tilted></_>
    <_>
      <rects>
        <_>
          24 17 3 24 -1.</_>
        <_>
          25 17 1 24 3.</_></rects>
      <tilted>0</tilted></_>
    <_>
      <rects>
        <_>
          24 20 3 2 -1.</_>
        <_>
          24 21 3 1 2.</_></rects>
      <tilted>0</tilted></_>
    <_>
      <rects>
        <_>
          24 22 1 3 -1.</_>
        <_>
          24 23 1 1 3.</_></rects>
      <tilted>0</tilted></_>
    <_>
      <rects>
        <_>
          24 23 6 2 -1.</_>
        <_>
          24 23 3 1 2.</_>
        <_>
          27 24 3 1 2.</_></rects>
      <tilted>0</tilted></_>
    <_>
      <rects>
        <_>
          24 25 3 1 -1.</_>
        <_>
          25 25 1 1 3.</_></rects>
      <tilted>0</tilted></_>
    <_>
      <rects>
        <_>
          24 27 4 4 -1.</_>
        <_>
          24 27 2 2 2.</_>
        <_>
          26 29 2 2 2.</_></rects>
      <tilted>0</tilted></_>
    <_>
      <rects>
        <_>
          24 37 1 6 -1.</_>
        <_>
          24 39 1 2 3.</_></rects>
      <tilted>0</tilted></_>
    <_>
      <rects>
        <_>
          25 11 7 30 -1.</_>
        <_>
          25 26 7 15 2.</_></rects>
      <tilted>0</tilted></_>
    <_>
      <rects>
        <_>
          25 13 12 11 -1.</_>
        <_>
          29 13 4 11 3.</_></rects>
      <tilted>0</tilted></_>
    <_>
      <rects>
        <_>
          25 22 8 2 -1.</_>
        <_>
          29 22 4 2 2.</_></rects>
      <tilted>0</tilted></_>
    <_>
      <rects>
        <_>
          25 27 24 1 -1.</_>
        <_>
          37 27 12 1 2.</_></rects>
      <tilted>0</tilted></_>
    <_>
      <rects>
        <_>
          25 33 5 6 -1.</_>
        <_>
          25 35 5 2 3.</_></rects>
      <tilted>0</tilted></_>
    <_>
      <rects>
        <_>
          26 8 2 34 -1.</_>
        <_>
          26 8 1 17 2.</_>
        <_>
          27 25 1 17 2.</_></rects>
      <tilted>0</tilted></_>
    <_>
      <rects>
        <_>
          26 10 3 34 -1.</_>
        <_>
          27 10 1 34 3.</_></rects>
      <tilted>0</tilted></_>
    <_>
      <rects>
        <_>
          26 15 9 19 -1.</_>
        <_>
          29 15 3 19 3.</_></rects>
      <tilted>0</tilted></_>
    <_>
      <rects>
        <_>
          26 16 6 23 -1.</_>
        <_>
          28 16 2 23 3.</_></rects>
      <tilted>0</tilted></_>
    <_>
      <rects>
        <_>
          26 24 4 4 -1.</_>
        <_>
          26 24 2 2 2.</_>
        <_>
          28 26 2 2 2.</_></rects>
      <tilted>0</tilted></_>
    <_>
      <rects>
        <_>
          27 10 12 31 -1.</_>
        <_>
          31 10 4 31 3.</_></rects>
      <tilted>0</tilted></_>
    <_>
      <rects>
        <_>
          27 13 3 33 -1.</_>
        <_>
          28 13 1 33 3.</_></rects>
      <tilted>0</tilted></_>
    <_>
      <rects>
        <_>
          27 14 6 14 -1.</_>
        <_>
          29 14 2 14 3.</_></rects>
      <tilted>0</tilted></_>
    <_>
      <rects>
        <_>
          27 19 3 6 -1.</_>
        <_>
          28 19 1 6 3.</_></rects>
      <tilted>0</tilted></_>
    <_>
      <rects>
        <_>
          27 32 3 4 -1.</_>
        <_>
          27 34 3 2 2.</_></rects>
      <tilted>0</tilted></_>
    <_>
      <rects>
        <_>
          27 36 14 4 -1.</_>
        <_>
          27 36 7 2 2.</_>
        <_>
          34 38 7 2 2.</_></rects>
      <tilted>0</tilted></_>
    <_>
      <rects>
        <_>
          28 12 15 34 -1.</_>
        <_>
          33 12 5 34 3.</_></rects>
      <tilted>0</tilted></_>
    <_>
      <rects>
        <_>
          28 13 8 28 -1.</_>
        <_>
          28 13 4 14 2.</_>
        <_>
          32 27 4 14 2.</_></rects>
      <tilted>0</tilted></_>
    <_>
      <rects>
        <_>
          28 35 9 9 -1.</_>
        <_>
          28 38 9 3 3.</_></rects>
      <tilted>0</tilted></_>
    <_>
      <rects>
        <_>
          28 42 3 4 -1.</_>
        <_>
          28 44 3 2 2.</_></rects>
      <tilted>0</tilted></_>
    <_>
      <rects>
        <_>
          29 13 3 32 -1.</_>
        <_>
          30 13 1 32 3.</_></rects>
      <tilted>0</tilted></_>
    <_>
      <rects>
        <_>
          29 15 3 21 -1.</_>
        <_>
          30 15 1 21 3.</_></rects>
      <tilted>0</tilted></_>
    <_>
      <rects>
        <_>
          29 28 15 9 -1.</_>
        <_>
          29 31 15 3 3.</_></rects>
      <tilted>0</tilted></_>
    <_>
      <rects>
        <_>
          29 31 3 6 -1.</_>
        <_>
          29 34 3 3 2.</_></rects>
      <tilted>0</tilted></_>
    <_>
      <rects>
        <_>
          29 36 5 9 -1.</_>
        <_>
          29 39 5 3 3.</_></rects>
      <tilted>0</tilted></_>
    <_>
      <rects>
        <_>
          30 11 3 28 -1.</_>
        <_>
          31 11 1 28 3.</_></rects>
      <tilted>0</tilted></_>
    <_>
      <rects>
        <_>
          30 15 3 23 -1.</_>
        <_>
          31 15 1 23 3.</_></rects>
      <tilted>0</tilted></_>
    <_>
      <rects>
        <_>
          30 26 6 3 -1.</_>
        <_>
          32 26 2 3 3.</_></rects>
      <tilted>0</tilted></_>
    <_>
      <rects>
        <_>
          30 31 3 3 -1.</_>
        <_>
          30 32 3 1 3.</_></rects>
      <tilted>0</tilted></_>
    <_>
      <rects>
        <_>
          31 11 3 27 -1.</_>
        <_>
          32 11 1 27 3.</_></rects>
      <tilted>0</tilted></_>
    <_>
      <rects>
        <_>
          31 11 6 14 -1.</_>
        <_>
          33 11 2 14 3.</_></rects>
      <tilted>0</tilted></_>
    <_>
      <rects>
        <_>
          31 23 4 4 -1.</_>
        <_>
          31 23 2 2 2.</_>
        <_>
          33 25 2 2 2.</_></rects>
      <tilted>0</tilted></_>
    <_>
      <rects>
        <_>
          31 24 2 2 -1.</_>
        <_>
          31 25 2 1 2.</_></rects>
      <tilted>0</tilted></_>
    <_>
      <rects>
        <_>
          31 28 1 4 -1.</_>
        <_>
          31 30 1 2 2.</_></rects>
      <tilted>0</tilted></_>
    <_>
      <rects>
        <_>
          33 7 9 42 -1.</_>
        <_>
          33 28 9 21 2.</_></rects>
      <tilted>0</tilted></_>
    <_>
      <rects>
        <_>
          33 9 3 31 -1.</_>
        <_>
          34 9 1 31 3.</_></rects>
      <tilted>0</tilted></_>
    <_>
      <rects>
        <_>
          33 34 4 9 -1.</_>
        <_>
          33 37 4 3 3.</_></rects>
      <tilted>0</tilted></_>
    <_>
      <rects>
        <_>
          33 36 16 6 -1.</_>
        <_>
          33 36 8 3 2.</_>
        <_>
          41 39 8 3 2.</_></rects>
      <tilted>0</tilted></_>
    <_>
      <rects>
        <_>
          34 6 3 29 -1.</_>
        <_>
          35 6 1 29 3.</_></rects>
      <tilted>0</tilted></_>
    <_>
      <rects>
        <_>
          34 13 1 6 -1.</_>
        <_>
          34 15 1 2 3.</_></rects>
      <tilted>0</tilted></_>
    <_>
      <rects>
        <_>
          35 12 3 34 -1.</_>
        <_>
          36 12 1 34 3.</_></rects>
      <tilted>0</tilted></_>
    <_>
      <rects>
        <_>
          35 25 1 6 -1.</_>
        <_>
          35 27 1 2 3.</_></rects>
      <tilted>0</tilted></_>
    <_>
      <rects>
        <_>
          35 30 3 6 -1.</_>
        <_>
          35 32 3 2 3.</_></rects>
      <tilted>0</tilted></_>
    <_>
      <rects>
        <_>
          35 35 2 3 -1.</_>
        <_>
          35 36 2 1 3.</_></rects>
      <tilted>0</tilted></_>
    <_>
      <rects>
        <_>
          36 8 3 30 -1.</_>
        <_>
          37 8 1 30 3.</_></rects>
      <tilted>0</tilted></_>
    <_>
      <rects>
        <_>
          36 11 3 38 -1.</_>
        <_>
          37 11 1 38 3.</_></rects>
      <tilted>0</tilted></_>
    <_>
      <rects>
        <_>
          36 16 3 24 -1.</_>
        <_>
          37 16 1 24 3.</_></rects>
      <tilted>0</tilted></_>
    <_>
      <rects>
        <_>
          36 16 14 16 -1.</_>
        <_>
          36 16 7 8 2.</_>
        <_>
          43 24 7 8 2.</_></rects>
      <tilted>0</tilted></_>
    <_>
      <rects>
        <_>
          37 26 3 17 -1.</_>
        <_>
          38 26 1 17 3.</_></rects>
      <tilted>0</tilted></_>
    <_>
      <rects>
        <_>
          37 35 1 2 -1.</_>
        <_>
          37 36 1 1 2.</_></rects>
      <tilted>0</tilted></_>
    <_>
      <rects>
        <_>
          38 16 3 22 -1.</_>
        <_>
          39 16 1 22 3.</_></rects>
      <tilted>0</tilted></_>
    <_>
      <rects>
        <_>
          38 25 1 2 -1.</_>
        <_>
          38 26 1 1 2.</_></rects>
      <tilted>0</tilted></_>
    <_>
      <rects>
        <_>
          39 13 2 2 -1.</_>
        <_>
          39 13 1 1 2.</_>
        <_>
          40 14 1 1 2.</_></rects>
      <tilted>0</tilted></_>
    <_>
      <rects>
        <_>
          39 35 1 2 -1.</_>
        <_>
          39 36 1 1 2.</_></rects>
      <tilted>0</tilted></_>
    <_>
      <rects>
        <_>
          40 11 2 3 -1.</_>
        <_>
          41 11 1 3 2.</_></rects>
      <tilted>0</tilted></_>
    <_>
      <rects>
        <_>
          42 30 1 2 -1.</_>
        <_>
          42 31 1 1 2.</_></rects>
      <tilted>0</tilted></_>
    <_>
      <rects>
        <_>
          44 12 2 3 -1.</_>
        <_>
          44 13 2 1 3.</_></rects>
      <tilted>0</tilted></_>
    <_>
      <rects>
        <_>
          44 16 3 22 -1.</_>
        <_>
          45 16 1 22 3.</_></rects>
      <tilted>0</tilted></_>
    <_>
      <rects>
        <_>
          44 31 2 3 -1.</_>
        <_>
          45 31 1 3 2.</_></rects>
      <tilted>0</tilted></_>
    <_>
      <rects>
        <_>
          44 31 2 4 -1.</_>
        <_>
          45 31 1 4 2.</_></rects>
      <tilted>0</tilted></_>
    <_>
      <rects>
        <_>
          45 26 4 6 -1.</_>
        <_>
          45 26 2 3 2.</_>
        <_>
          47 29 2 3 2.</_></rects>
      <tilted>0</tilted></_></features></cascade>
</opencv_storage>
